uid,score,duration,total_weight_updates,learning_rate,min_learning_rate,radius,min_radius,num_batches,max_batch_percent,min_batch_percent,lr_decay_type,radius_decay_type,batch_growth_type,random_seed,growth_g,m,n,epoch_multiplier,min_q_error,map_type,normalize_weights_flag,max_epochs_without_improvement,score_combined,config_key,config_count
5e8b6fe97a0e7c1d09cbe1f5a14b8424,0.0908737494557783,0.3813905715942383,1500,0.5,0.05,1.0,1.0,10,1.0,1.0,exp-drop,exp-drop,linear-growth,42,15.0,10,10,1.0,,square,False,,51.98758687177632,0.5|0.05|1.0|1.0|10|1.0|1.0|exp-drop|exp-drop|linear-growth|42|15.0|10|10|1.0|nan|square|False|nan,1
4c52b696c8d4a07c150c1b5a8b9372eb,0.0916880710961824,0.4037652015686035,1500,0.5,0.3,1.0,1.0,10,1.0,0.5,exp-drop,linear-drop,exp-growth,42,15.0,10,10,1.0,,square,False,,55.530678761379804,0.5|0.3|1.0|1.0|10|1.0|0.5|exp-drop|linear-drop|exp-growth|42|15.0|10|10|1.0|nan|square|False|nan,3
e85dcd1e75086071224a57beffe4d267,0.0909383524047923,0.4297444820404053,1500,0.4,0.2,2.0,1.0,10,2.0,0.2,exp-drop,linear-drop,exp-growth,42,15.0,10,10,1.0,,square,False,,58.620382727707955,0.4|0.2|2.0|1.0|10|2.0|0.2|exp-drop|linear-drop|exp-growth|42|15.0|10|10|1.0|nan|square|False|nan,3
b57b91e911f716f15e87a086ee8de22c,0.0898963422295946,0.4128141403198242,1580,0.5,0.2,1.0,1.0,10,20.0,0.5,exp-drop,exp-drop,exp-growth,42,25.0,10,10,1.0,,square,False,,58.63456035194275,0.5|0.2|1.0|1.0|10|20.0|0.5|exp-drop|exp-drop|exp-growth|42|25.0|10|10|1.0|nan|square|False|nan,2
3d531f1afbf392603bef39250e4684c1,0.0905414392149296,0.4322519302368164,1500,0.4,0.1,2.0,1.0,10,2.0,0.2,exp-drop,linear-drop,exp-growth,42,15.0,10,10,1.0,,square,False,,58.70506780060906,0.4|0.1|2.0|1.0|10|2.0|0.2|exp-drop|linear-drop|exp-growth|42|15.0|10|10|1.0|nan|square|False|nan,3
e87548f080d272b7589d19064c0883c0,0.0929942516333643,0.4393098354339599,1500,0.5,0.2,1.0,1.0,10,1.0,1.0,linear-drop,exp-drop,linear-growth,42,15.0,10,10,1.0,,square,False,,61.2799340720363,0.5|0.2|1.0|1.0|10|1.0|1.0|linear-drop|exp-drop|linear-growth|42|15.0|10|10|1.0|nan|square|False|nan,2
c920398c83d2380e5a3d196cec6d6382,0.0956212303361669,0.4314041137695312,1500,0.4,0.3,1.0,1.0,10,2.0,0.5,linear-drop,linear-drop,linear-growth,42,25.0,10,10,1.0,,square,False,,61.877088196089446,0.4|0.3|1.0|1.0|10|2.0|0.5|linear-drop|linear-drop|linear-growth|42|25.0|10|10|1.0|nan|square|False|nan,2
90b5729478ede4fc3cf1c4e904e57111,0.090938557948194,0.4263453483581543,1660,0.6,0.3,1.0,1.0,10,20.0,1.0,linear-drop,linear-drop,exp-growth,42,15.0,10,10,1.0,,square,False,,64.3602437382342,0.6|0.3|1.0|1.0|10|20.0|1.0|linear-drop|linear-drop|exp-growth|42|15.0|10|10|1.0|nan|square|False|nan,1
a29f8666c5cc38916aa2c7e77f68e9c1,0.0908737494557783,0.4821817874908447,1500,0.5,0.05,1.0,1.0,10,1.0,0.5,exp-drop,exp-drop,linear-growth,42,50.0,10,10,1.0,,square,False,,65.72650042287353,0.5|0.05|1.0|1.0|10|1.0|0.5|exp-drop|exp-drop|linear-growth|42|50.0|10|10|1.0|nan|square|False|nan,1
a9efa4dae7971cd3577328b8beeaa832,0.0988138473246316,0.4495058059692383,1500,0.4,0.2,1.0,1.0,10,1.0,0.5,linear-drop,exp-drop,exp-growth,42,15.0,10,10,1.0,,square,False,,66.62609712386968,0.4|0.2|1.0|1.0|10|1.0|0.5|linear-drop|exp-drop|exp-growth|42|15.0|10|10|1.0|nan|square|False|nan,2
45c471b30aaaf074431633af65953149,0.0904192441878472,0.3642241954803467,2030,0.5,0.1,1.0,1.0,10,10.0,0.5,exp-drop,linear-drop,linear-growth,42,50.0,10,10,1.0,,square,False,,66.85373923462711,0.5|0.1|1.0|1.0|10|10.0|0.5|exp-drop|linear-drop|linear-growth|42|50.0|10|10|1.0|nan|square|False|nan,1
a0eaa157c470949bd7e453d2408d818f,0.0921127600649834,0.5089969635009766,1500,0.5,0.3,1.0,1.0,10,1.0,0.5,linear-drop,exp-drop,exp-growth,42,15.0,10,10,1.0,,square,False,,70.32767275915585,0.5|0.3|1.0|1.0|10|1.0|0.5|linear-drop|exp-drop|exp-growth|42|15.0|10|10|1.0|nan|square|False|nan,1
f827fa8d238ca5bda5aa0f8a63ea21a6,0.0929942516333643,0.5166006088256836,1500,0.5,0.2,1.0,1.0,10,1.0,1.0,linear-drop,exp-drop,linear-growth,42,10.0,10,10,1.0,,square,False,,72.06133051662722,0.5|0.2|1.0|1.0|10|1.0|1.0|linear-drop|exp-drop|linear-growth|42|10.0|10|10|1.0|nan|square|False|nan,1
dfba6ca78076daa7f918802e4e22ded3,0.0988138473246316,0.4850008487701416,1540,0.4,0.2,1.0,1.0,10,10.0,0.5,linear-drop,exp-drop,exp-growth,42,15.0,10,10,1.0,,square,False,,73.80419172694185,0.4|0.2|1.0|1.0|10|10.0|0.5|linear-drop|exp-drop|exp-growth|42|15.0|10|10|1.0|nan|square|False|nan,1
f60df2dcbf62fc4e3d33c11e0ae4c1b2,0.0890057299391174,0.4586844444274902,1810,0.4,0.1,2.0,1.0,10,100.0,0.2,exp-drop,linear-drop,exp-growth,42,50.0,10,10,1.0,,square,False,,73.894234256257,0.4|0.1|2.0|1.0|10|100.0|0.2|exp-drop|linear-drop|exp-growth|42|50.0|10|10|1.0|nan|square|False|nan,5
3a2df8de1c59ca7f793724f88956402f,0.0927846836793696,0.3932538032531738,2030,0.3,0.3,1.0,1.0,10,10.0,0.5,linear-drop,linear-drop,linear-growth,42,15.0,10,10,1.0,,square,False,,74.07049737332619,0.3|0.3|1.0|1.0|10|10.0|0.5|linear-drop|linear-drop|linear-growth|42|15.0|10|10|1.0|nan|square|False|nan,3
f825f2b830f5a49eaaddf720396787cf,0.0891899497181571,0.4410014152526855,2030,0.5,0.3,1.0,1.0,10,10.0,0.5,linear-drop,exp-drop,linear-growth,42,25.0,10,10,1.0,,square,False,,79.84577492560696,0.5|0.3|1.0|1.0|10|10.0|0.5|linear-drop|exp-drop|linear-growth|42|25.0|10|10|1.0|nan|square|False|nan,6
b0b912b14373e2e71809e20ea3d4295b,0.0901062938066545,0.4546945095062256,2010,0.5,0.1,1.0,1.0,10,10.0,0.1,exp-drop,linear-drop,linear-growth,42,50.0,10,10,1.0,,square,False,,82.35138250233965,0.5|0.1|1.0|1.0|10|10.0|0.1|exp-drop|linear-drop|linear-growth|42|50.0|10|10|1.0|nan|square|False|nan,3
4adc5da94b79a0e7dade1810f71daa64,0.0956399500351114,0.4790923595428467,1820,0.6,0.1,5.0,1.0,10,100.0,0.5,linear-drop,linear-drop,exp-growth,42,50.0,10,10,1.0,,square,False,,83.3930721785643,0.6|0.1|5.0|1.0|10|100.0|0.5|linear-drop|linear-drop|exp-growth|42|50.0|10|10|1.0|nan|square|False|nan,2
0f3053e556e9f1cd752c34d7baa437ba,0.0944942391699547,0.4403984546661377,2060,0.6,0.1,1.0,1.0,10,10.0,1.0,linear-drop,linear-drop,linear-growth,42,15.0,10,10,1.0,,square,False,,85.72714082491896,0.6|0.1|1.0|1.0|10|10.0|1.0|linear-drop|linear-drop|linear-growth|42|15.0|10|10|1.0|nan|square|False|nan,2
945e3ad27ca92ce679e05f3515bcccff,0.0982857705553644,0.5957162380218506,1500,0.9,0.3,5.0,1.0,10,5.0,0.5,exp-drop,linear-drop,linear-growth,42,15.0,10,10,1.0,,square,False,,87.82564422948069,0.9|0.3|5.0|1.0|10|5.0|0.5|exp-drop|linear-drop|linear-growth|42|15.0|10|10|1.0|nan|square|False|nan,1
7a0a6513e10aae7da0c944caf97beb8b,0.0934362465336266,0.4684102535247803,2010,0.3,0.3,1.0,1.0,10,10.0,0.1,exp-drop,linear-drop,linear-growth,42,50.0,10,10,1.0,,square,False,,87.97065681371201,0.3|0.3|1.0|1.0|10|10.0|0.1|exp-drop|linear-drop|linear-growth|42|50.0|10|10|1.0|nan|square|False|nan,1
0827dce8c8df391a4c21f90a003fa8f1,0.092701916771172,0.4627323150634765,2060,0.5,0.05,1.0,1.0,10,10.0,1.0,linear-drop,exp-drop,linear-growth,42,15.0,10,10,1.0,,square,False,,88.36611547019304,0.5|0.05|1.0|1.0|10|10.0|1.0|linear-drop|exp-drop|linear-growth|42|15.0|10|10|1.0|nan|square|False|nan,4
cd530ef81eb580018d70d9bbe00ddb40,0.0985451424454463,0.4471595287322998,2010,0.4,0.1,1.0,1.0,10,10.0,0.2,linear-drop,exp-drop,linear-growth,42,50.0,10,10,1.0,,square,False,,88.57145290407388,0.4|0.1|1.0|1.0|10|10.0|0.2|linear-drop|exp-drop|linear-growth|42|50.0|10|10|1.0|nan|square|False|nan,1
76ca25f86bd616188a669637fa3ae284,0.1026940883919902,0.5309402942657471,1660,0.8,0.05,5.0,1.0,10,20.0,1.0,linear-drop,linear-drop,exp-growth,42,15.0,10,10,1.0,,square,False,,90.51055298692522,0.8|0.05|5.0|1.0|10|20.0|1.0|linear-drop|linear-drop|exp-growth|42|15.0|10|10|1.0|nan|square|False|nan,1
7b6050928a9f52216d92063a47bb71b3,0.092701916771172,0.4813418388366699,2060,0.5,0.05,1.0,1.0,10,10.0,1.0,linear-drop,exp-drop,linear-growth,42,10.0,10,10,1.0,,square,False,,91.91990082957892,0.5|0.05|1.0|1.0|10|10.0|1.0|linear-drop|exp-drop|linear-growth|42|10.0|10|10|1.0|nan|square|False|nan,2
20f6f941d6a972739038f739b526e15f,0.0929177674330782,0.4852750301361084,2060,0.4,0.3,1.0,1.0,10,10.0,1.0,linear-drop,linear-drop,linear-growth,42,25.0,10,10,1.0,,square,False,,92.88678512600988,0.4|0.3|1.0|1.0|10|10.0|1.0|linear-drop|linear-drop|linear-growth|42|25.0|10|10|1.0|nan|square|False|nan,1
efa80a44d3d23a4019848e664de1ecf2,0.085564989332499,0.5508549213409424,2010,0.5,0.3,1.0,1.0,10,10.0,0.1,exp-drop,exp-drop,linear-growth,42,50.0,10,10,1.0,,square,False,,94.73912989126754,0.5|0.3|1.0|1.0|10|10.0|0.1|exp-drop|exp-drop|linear-growth|42|50.0|10|10|1.0|nan|square|False|nan,1
b22c3bf536f753749850f18b8569bace,0.1035132121035348,0.5966181755065918,1560,0.5,0.2,10.0,1.0,10,10.0,0.1,linear-drop,linear-drop,exp-growth,42,10.0,10,10,1.0,,square,False,,96.34226744381895,0.5|0.2|10.0|1.0|10|10.0|0.1|linear-drop|linear-drop|exp-growth|42|10.0|10|10|1.0|nan|square|False|nan,1
7a811e294f4b5172bcd9f54e111d19dd,0.0940060434669061,0.5216062068939209,2030,0.6,0.3,5.0,1.0,10,10.0,0.5,linear-drop,linear-drop,linear-growth,42,15.0,10,10,1.0,,square,False,,99.53929558849222,0.6|0.3|5.0|1.0|10|10.0|0.5|linear-drop|linear-drop|linear-growth|42|15.0|10|10|1.0|nan|square|False|nan,3
d928d824d7e2dba70c19354c7537df90,0.116935401088268,0.5937800407409668,1540,0.7,0.05,10.0,1.0,10,10.0,0.2,linear-drop,linear-drop,exp-growth,42,15.0,10,10,1.0,,square,False,,106.92821712226973,0.7|0.05|10.0|1.0|10|10.0|0.2|linear-drop|linear-drop|exp-growth|42|15.0|10|10|1.0|nan|square|False|nan,1
51782d3ec96d39cc03ce2dba60c779b3,0.101421894664221,0.5130369663238525,2060,0.3,0.05,1.0,1.0,10,10.0,1.0,linear-drop,exp-drop,linear-growth,42,15.0,10,10,1.0,,square,False,,107.18835318413949,0.3|0.05|1.0|1.0|10|10.0|1.0|linear-drop|exp-drop|linear-growth|42|15.0|10|10|1.0|nan|square|False|nan,1
bab9ea56bbca78db11d853d96d4a639f,0.0958641058699044,0.5585589408874512,2060,0.4,0.2,1.0,1.0,10,10.0,1.0,exp-drop,linear-drop,linear-growth,42,50.0,10,10,1.0,,square,False,,110.30425209426157,0.4|0.2|1.0|1.0|10|10.0|1.0|exp-drop|linear-drop|linear-growth|42|50.0|10|10|1.0|nan|square|False|nan,1
8620a85c62c5fc16d99503043e6bfa96,0.0906665679225312,0.4628725051879883,3030,0.8,0.05,2.0,1.0,10,20.0,0.5,exp-drop,linear-drop,linear-growth,42,50.0,10,10,1.0,,square,False,,127.16019613622971,0.8|0.05|2.0|1.0|10|20.0|0.5|exp-drop|linear-drop|linear-growth|42|50.0|10|10|1.0|nan|square|False|nan,3
1b4bb6b972148462ce8253ac7ecfb6b6,0.0880931637502945,0.5388739109039307,3030,0.5,0.05,1.0,1.0,10,20.0,0.5,exp-drop,exp-drop,linear-growth,42,25.0,10,10,1.0,,square,False,,143.83745625228536,0.5|0.05|1.0|1.0|10|20.0|0.5|exp-drop|exp-drop|linear-growth|42|25.0|10|10|1.0|nan|square|False|nan,1
449588237afd73b32f59b8f09f159ffd,0.153784465044886,0.6834471225738525,1500,0.4,0.3,10.0,1.0,10,2.0,0.1,exp-drop,exp-drop,exp-growth,42,15.0,10,10,1.0,,square,False,,157.6553251972298,0.4|0.3|10.0|1.0|10|2.0|0.1|exp-drop|exp-drop|exp-growth|42|15.0|10|10|1.0|nan|square|False|nan,1
fbcc280db1fa20841d9473c97146c744,0.1301149194889405,0.6771008968353271,2060,0.6,0.3,5.0,1.0,10,10.0,1.0,linear-drop,exp-drop,linear-growth,42,15.0,10,10,1.0,,square,False,,181.4879130758931,0.6|0.3|5.0|1.0|10|10.0|1.0|linear-drop|exp-drop|linear-growth|42|15.0|10|10|1.0|nan|square|False|nan,1
ed76dbdea864e0eac7fd2dbfa0c31810,0.1433566837764472,0.7601439952850342,1940,0.9,0.3,10.0,1.0,10,20.0,0.1,linear-drop,exp-drop,exp-growth,42,5.0,10,10,1.0,,square,False,,211.40514137188512,0.9|0.3|10.0|1.0|10|20.0|0.1|linear-drop|exp-drop|exp-growth|42|5.0|10|10|1.0|nan|square|False|nan,1
88fe6e8e98a8412a0479781722c4a8cb,0.1078695812033128,0.7741081714630127,3000,0.7,0.05,10.0,1.0,10,20.0,0.1,linear-drop,linear-drop,linear-growth,42,5.0,10,10,1.0,,square,False,,250.5081727853323,0.7|0.05|10.0|1.0|10|20.0|0.1|linear-drop|linear-drop|linear-growth|42|5.0|10|10|1.0|nan|square|False|nan,1
57aa564db0777e9c88840e10c187eca1,0.0860832087321968,0.5051693916320801,6470,0.8,0.05,1.0,1.0,10,50.0,0.5,exp-drop,exp-drop,linear-growth,42,15.0,10,10,1.0,,square,False,,281.3583161368285,0.8|0.05|1.0|1.0|10|50.0|0.5|exp-drop|exp-drop|linear-growth|42|15.0|10|10|1.0|nan|square|False|nan,2
9ac65d2dafa90312fd29af0d29366208,0.1409616661756718,0.8275008201599121,2740,0.4,0.05,10.0,1.0,10,100.0,0.2,exp-drop,exp-drop,exp-growth,42,15.0,10,10,1.0,,square,False,,319.6097505778447,0.4|0.05|10.0|1.0|10|100.0|0.2|exp-drop|exp-drop|exp-growth|42|15.0|10|10|1.0|nan|square|False|nan,1
cb0343ec0eb0376a8f72381c08305acf,0.0848060317899021,0.6415903568267822,6500,0.5,0.1,1.0,1.0,10,50.0,1.0,linear-drop,exp-drop,linear-growth,42,50.0,10,10,1.0,,square,False,,353.6697592814537,0.5|0.1|1.0|1.0|10|50.0|1.0|linear-drop|exp-drop|linear-growth|42|50.0|10|10|1.0|nan|square|False|nan,1
8dfe4f1b1f60ae23478c25a7d9491951,0.0860832087321968,0.6406083106994629,6470,0.8,0.05,1.0,1.0,10,50.0,0.5,exp-drop,exp-drop,linear-growth,42,50.0,10,10,1.0,,square,False,,356.7921544481263,0.8|0.05|1.0|1.0|10|50.0|0.5|exp-drop|exp-drop|linear-growth|42|50.0|10|10|1.0|nan|square|False|nan,3
8dc052830da9a1003872b792586b9563,0.0860832087321968,0.6460049152374268,6470,0.8,0.05,1.0,1.0,10,50.0,0.5,exp-drop,linear-drop,linear-growth,42,15.0,10,10,1.0,,square,False,,359.79783846384305,0.8|0.05|1.0|1.0|10|50.0|0.5|exp-drop|linear-drop|linear-growth|42|15.0|10|10|1.0|nan|square|False|nan,3
be34aca4f4519171178aacd5381ef66e,0.0845024511602514,0.7105426788330078,6470,0.5,0.05,1.0,1.0,10,50.0,0.5,exp-drop,exp-drop,linear-growth,42,15.0,10,10,1.0,,square,False,,388.47560915938203,0.5|0.05|1.0|1.0|10|50.0|0.5|exp-drop|exp-drop|linear-growth|42|15.0|10|10|1.0|nan|square|False|nan,2
8838b6086c66036bef7fc3b76c42b0cd,0.0845024511602514,0.7539763450622559,6470,0.5,0.05,1.0,1.0,10,50.0,0.5,exp-drop,exp-drop,linear-growth,42,50.0,10,10,1.0,,square,False,,412.2221348067146,0.5|0.05|1.0|1.0|10|50.0|0.5|exp-drop|exp-drop|linear-growth|42|50.0|10|10|1.0|nan|square|False|nan,1
20efa2a74a24497ee52a6827e998fced,0.0860832087321968,0.7542104721069336,6470,0.8,0.05,1.0,1.0,10,50.0,0.5,exp-drop,linear-drop,linear-growth,42,25.0,10,10,1.0,,square,False,,420.0638280145824,0.8|0.05|1.0|1.0|10|50.0|0.5|exp-drop|linear-drop|linear-growth|42|25.0|10|10|1.0|nan|square|False|nan,1
1e576df9832b662529d75decce2d42ed,0.0867779338080643,1.070523023605347,6470,0.8,0.05,10.0,1.0,10,50.0,0.5,exp-drop,linear-drop,linear-growth,42,15.0,10,10,1.0,,square,False,,601.0486112533457,0.8|0.05|10.0|1.0|10|50.0|0.5|exp-drop|linear-drop|linear-growth|42|15.0|10|10|1.0|nan|square|False|nan,5
0a09cb7ec4938dbc2e219436f6fa2df8,0.0867159775943121,0.6910750865936279,12000,0.7,0.1,1.0,1.0,10,100.0,0.1,exp-drop,exp-drop,linear-growth,42,50.0,10,10,1.0,,square,False,,719.127020700484,0.7|0.1|1.0|1.0|10|100.0|0.1|exp-drop|exp-drop|linear-growth|42|50.0|10|10|1.0|nan|square|False|nan,1
0221fad803d09021b1c2f24735ad099f,0.0835621983265958,0.7775735855102539,12000,0.6,0.1,1.0,1.0,10,100.0,0.5,linear-drop,exp-drop,linear-growth,42,50.0,10,10,1.0,,square,False,,779.7090979911603,0.6|0.1|1.0|1.0|10|100.0|0.5|linear-drop|exp-drop|linear-growth|42|50.0|10|10|1.0|nan|square|False|nan,2
2420d680f0d640f19f7c21fa7a3483f3,0.0850719566299177,0.8346197605133057,12140,0.4,0.3,1.0,1.0,10,100.0,1.0,linear-drop,exp-drop,linear-growth,42,25.0,10,10,1.0,,square,False,,861.9732158759634,0.4|0.3|1.0|1.0|10|100.0|1.0|linear-drop|exp-drop|linear-growth|42|25.0|10|10|1.0|nan|square|False|nan,7
95faeb98e8e912161c96ecc89b62a56f,0.084126481369737,0.8809335231781006,12000,0.5,0.3,1.0,1.0,10,100.0,0.5,linear-drop,exp-drop,linear-growth,42,15.0,10,10,1.0,,square,False,,889.3180515074309,0.5|0.3|1.0|1.0|10|100.0|0.5|linear-drop|exp-drop|linear-growth|42|15.0|10|10|1.0|nan|square|False|nan,3
9152ff7315044cbed63dca01f5bcc2b5,0.0838848137890384,0.9221477508544922,12000,0.6,0.05,1.0,1.0,10,100.0,0.5,linear-drop,exp-drop,linear-growth,42,15.0,10,10,1.0,,square,False,,928.2503083969159,0.6|0.05|1.0|1.0|10|100.0|0.5|linear-drop|exp-drop|linear-growth|42|15.0|10|10|1.0|nan|square|False|nan,1
b5b45c80c3030d61b3ea9176525375f4,0.085322590733092,0.9047484397888184,12140,0.5,0.3,1.0,1.0,10,100.0,1.0,linear-drop,exp-drop,linear-growth,42,25.0,10,10,1.0,,square,False,,937.1531374522892,0.5|0.3|1.0|1.0|10|100.0|1.0|linear-drop|exp-drop|linear-growth|42|25.0|10|10|1.0|nan|square|False|nan,1
d095e02c0ca56b5eb4ab068fe0e55ef7,0.0874724105240187,0.9027864933013916,12140,0.4,0.3,2.0,1.0,10,100.0,1.0,exp-drop,linear-drop,linear-growth,42,25.0,10,10,1.0,,square,False,,958.6825765972468,0.4|0.3|2.0|1.0|10|100.0|1.0|exp-drop|linear-drop|linear-growth|42|25.0|10|10|1.0|nan|square|False|nan,1
a79885d2b808e57e045ef403442bd131,0.085322590733092,0.9613697528839112,12140,0.5,0.3,1.0,1.0,10,100.0,1.0,linear-drop,exp-drop,linear-growth,42,15.0,10,10,1.0,,square,False,,995.8024137374413,0.5|0.3|1.0|1.0|10|100.0|1.0|linear-drop|exp-drop|linear-growth|42|15.0|10|10|1.0|nan|square|False|nan,2
d2eba28f0e2e55a8fff7a0bb9c5adecf,0.0842008788848726,1.006462574005127,12000,0.5,0.2,1.0,1.0,10,100.0,0.5,linear-drop,exp-drop,linear-growth,42,15.0,10,10,1.0,,square,False,,1016.9403995515538,0.5|0.2|1.0|1.0|10|100.0|0.5|linear-drop|exp-drop|linear-growth|42|15.0|10|10|1.0|nan|square|False|nan,1
d0a888509595f6e71be1c31ff38f5f19,0.0854028120076986,1.7264342308044434,7500,0.5,0.3,1.0,1.0,10,2.0,1.0,exp-drop,linear-drop,exp-growth,42,15.0,10,10,5.0,,square,False,,1105.8175354278571,0.5|0.3|1.0|1.0|10|2.0|1.0|exp-drop|linear-drop|exp-growth|42|15.0|10|10|5.0|nan|square|False|nan,1
e1b9f8410dc1befaf6b5478d7e0d55f1,0.0856687742489542,1.7813286781311035,7500,0.4,0.2,1.0,1.0,10,1.0,0.5,linear-drop,exp-drop,exp-growth,42,15.0,10,10,5.0,,square,False,,1144.5318329250113,0.4|0.2|1.0|1.0|10|1.0|0.5|linear-drop|exp-drop|exp-growth|42|15.0|10|10|5.0|nan|square|False|nan,5
51fbea2763c174de98a5bc01de9a3050,0.088102000719016,1.7430541515350342,7720,0.9,0.1,2.0,1.0,10,20.0,0.1,exp-drop,linear-drop,exp-growth,42,50.0,10,10,5.0,,square,False,,1185.5338286232766,0.9|0.1|2.0|1.0|10|20.0|0.1|exp-drop|linear-drop|exp-growth|42|50.0|10|10|5.0|nan|square|False|nan,2
6d748fa8108ec6a4f8cf226097580bf4,0.0896612358438069,1.7751245498657229,7500,0.5,0.3,2.0,1.0,10,1.0,0.5,exp-drop,linear-drop,exp-growth,42,50.0,10,10,5.0,,square,False,,1193.698956882316,0.5|0.3|2.0|1.0|10|1.0|0.5|exp-drop|linear-drop|exp-growth|42|50.0|10|10|5.0|nan|square|False|nan,1
178c226e9a5e4a91137a65653fa27f67,0.0861796754695304,1.15492582321167,12000,0.6,0.3,5.0,1.0,10,100.0,0.5,linear-drop,linear-drop,linear-growth,42,50.0,10,10,1.0,,square,False,,1194.3735916291434,0.6|0.3|5.0|1.0|10|100.0|0.5|linear-drop|linear-drop|linear-growth|42|50.0|10|10|1.0|nan|square|False|nan,2
7bba04241f2d4c40caaa5e82972853d4,0.0859406233719383,1.918509006500244,7500,0.9,0.1,1.0,1.0,10,5.0,0.1,linear-drop,linear-drop,exp-growth,42,25.0,10,10,5.0,,square,False,,1236.5839497248173,0.9|0.1|1.0|1.0|10|5.0|0.1|linear-drop|linear-drop|exp-growth|42|25.0|10|10|5.0|nan|square|False|nan,3
96b66e98a65986905e316024009bfff8,0.0877894321378178,1.8807668685913088,7500,0.6,0.3,1.0,1.0,10,1.0,1.0,exp-drop,exp-drop,exp-growth,42,10.0,10,10,5.0,,square,False,,1238.3359153293961,0.6|0.3|1.0|1.0|10|1.0|1.0|exp-drop|exp-drop|exp-growth|42|10.0|10|10|5.0|nan|square|False|nan,1
18f16b8b2dfc45c252b91b84c16e1bf6,0.0864126735301307,1.7514612674713137,8310,0.8,0.05,1.0,1.0,10,50.0,0.1,exp-drop,linear-drop,exp-growth,42,50.0,10,10,5.0,,square,False,,1257.7056253724074,0.8|0.05|1.0|1.0|10|50.0|0.1|exp-drop|linear-drop|exp-growth|42|50.0|10|10|5.0|nan|square|False|nan,3
ca4c9ecc9e4ab64342605e465e9fd9ff,0.0872984195464741,1.8605165481567385,7950,0.9,0.3,1.0,1.0,10,20.0,0.1,linear-drop,linear-drop,exp-growth,42,25.0,10,10,5.0,,square,False,,1291.2402258434506,0.9|0.3|1.0|1.0|10|20.0|0.1|linear-drop|linear-drop|exp-growth|42|25.0|10|10|5.0|nan|square|False|nan,2
4c65cc5954b572e286075e661e755aae,0.0854028120076986,2.053455352783203,7500,0.5,0.3,1.0,1.0,10,1.0,0.5,exp-drop,exp-drop,exp-growth,42,15.0,10,10,5.0,,square,False,,1315.2814609495972,0.5|0.3|1.0|1.0|10|1.0|0.5|exp-drop|exp-drop|exp-growth|42|15.0|10|10|5.0|nan|square|False|nan,3
4519f74a96a085a9881dc7350bcb75de,0.0881137555849066,1.947403907775879,7720,0.8,0.3,1.0,1.0,10,20.0,0.1,linear-drop,linear-drop,exp-growth,42,50.0,10,10,5.0,,square,False,,1324.6985154914867,0.8|0.3|1.0|1.0|10|20.0|0.1|linear-drop|linear-drop|exp-growth|42|50.0|10|10|5.0|nan|square|False|nan,1
84e89084437a312a71ef1f30a6b3d08e,0.0853742522884338,1.817453145980835,8720,0.5,0.3,1.0,1.0,10,20.0,1.0,linear-drop,linear-drop,exp-growth,42,10.0,10,10,5.0,,square,False,,1353.0274937123145,0.5|0.3|1.0|1.0|10|20.0|1.0|linear-drop|linear-drop|exp-growth|42|10.0|10|10|5.0|nan|square|False|nan,2
22edd7d954cb7f9b84e7bd3777f7bfc3,0.0846190560450105,2.07463002204895,8270,0.5,0.2,1.0,1.0,10,20.0,0.5,linear-drop,linear-drop,exp-growth,42,15.0,10,10,5.0,,square,False,,1451.8252460766455,0.5|0.2|1.0|1.0|10|20.0|0.5|linear-drop|linear-drop|exp-growth|42|15.0|10|10|5.0|nan|square|False|nan,1
ed5b5ab41f9049d364979d97b2d03c73,0.0942342608009679,1.2921240329742432,12000,0.5,0.05,10.0,1.0,10,100.0,0.5,linear-drop,linear-drop,linear-growth,42,50.0,10,10,1.0,,square,False,,1461.1482373259194,0.5|0.05|10.0|1.0|10|100.0|0.5|linear-drop|linear-drop|linear-growth|42|50.0|10|10|1.0|nan|square|False|nan,1
d65a06cb81f40e8aee5cba0099f010e5,0.0877125999722022,2.254061460494995,7500,0.4,0.05,1.0,1.0,10,2.0,0.2,exp-drop,linear-drop,exp-growth,42,15.0,10,10,5.0,,square,False,,1482.8219339786651,0.4|0.05|1.0|1.0|10|2.0|0.2|exp-drop|linear-drop|exp-growth|42|15.0|10|10|5.0|nan|square|False|nan,1
3ab4d84f7d06e8c9660c4999e232147e,0.0881048812986241,2.253248691558838,7500,0.9,0.1,1.0,1.0,10,5.0,0.1,exp-drop,linear-drop,linear-growth,42,50.0,10,10,5.0,,square,False,,1488.916563795536,0.9|0.1|1.0|1.0|10|5.0|0.1|exp-drop|linear-drop|linear-growth|42|50.0|10|10|5.0|nan|square|False|nan,2
bd341c99107f3226ed76fc5ff48f93c5,0.0867201747153665,2.239710092544556,7720,0.9,0.2,1.0,1.0,10,20.0,0.1,exp-drop,linear-drop,exp-growth,42,50.0,10,10,5.0,,square,False,,1499.4405501474432,0.9|0.2|1.0|1.0|10|20.0|0.1|exp-drop|linear-drop|exp-growth|42|50.0|10|10|5.0|nan|square|False|nan,3
f83bc11ca121b8f8edc2a9de0371dc7a,0.0895667781504239,2.243781328201294,7500,0.8,0.1,1.0,1.0,10,5.0,0.1,exp-drop,linear-drop,linear-growth,42,50.0,10,10,5.0,,square,False,,1507.2619833080157,0.8|0.1|1.0|1.0|10|5.0|0.1|exp-drop|linear-drop|linear-growth|42|50.0|10|10|5.0|nan|square|False|nan,2
cdd5f64bf64a3543f15a61cb4e8617f8,0.0853919044438028,2.253792524337769,7950,0.5,0.3,1.0,1.0,10,20.0,0.2,linear-drop,exp-drop,exp-growth,42,25.0,10,10,5.0,,square,False,,1530.0223052015426,0.5|0.3|1.0|1.0|10|20.0|0.2|linear-drop|exp-drop|exp-growth|42|25.0|10|10|5.0|nan|square|False|nan,5
e9d35a95ea9c454cce76d8af71f3eb2a,0.0942918824286138,2.1069295406341557,7720,0.5,0.2,2.0,1.0,10,20.0,0.2,exp-drop,exp-drop,exp-growth,42,50.0,10,10,5.0,,square,False,,1533.7042415381552,0.5|0.2|2.0|1.0|10|20.0|0.2|exp-drop|exp-drop|exp-growth|42|50.0|10|10|5.0|nan|square|False|nan,1
081edca299aae437f7cb0131ce0c2a2b,0.0851010069146311,2.3321666717529297,7730,0.4,0.2,1.0,1.0,10,20.0,0.5,linear-drop,exp-drop,exp-growth,42,50.0,10,10,5.0,,square,False,,1534.1710288154381,0.4|0.2|1.0|1.0|10|20.0|0.5|linear-drop|exp-drop|exp-growth|42|50.0|10|10|5.0|nan|square|False|nan,1
a3e1922cb09f3f446e96ac48c882b37a,0.0850553878589836,2.139235496520996,8670,0.5,0.3,1.0,1.0,10,20.0,0.5,linear-drop,linear-drop,exp-growth,42,10.0,10,10,5.0,,square,False,,1577.5368872948497,0.5|0.3|1.0|1.0|10|20.0|0.5|linear-drop|linear-drop|exp-growth|42|10.0|10|10|5.0|nan|square|False|nan,1
7ccd5ca2b0570c7e81ea44fba1b7afbb,0.0874836484618524,2.502223253250122,7500,0.6,0.1,1.0,1.0,10,5.0,0.1,linear-drop,linear-drop,exp-growth,42,10.0,10,10,5.0,,square,False,,1641.7771459530477,0.6|0.1|1.0|1.0|10|5.0|0.1|linear-drop|linear-drop|exp-growth|42|10.0|10|10|5.0|nan|square|False|nan,1
d961cd97ca22f848a9612afd29c20ba8,0.08634829391768,2.185704469680786,8720,0.6,0.3,1.0,1.0,10,20.0,1.0,linear-drop,linear-drop,exp-growth,42,10.0,10,10,5.0,,square,False,,1645.7417491363994,0.6|0.3|1.0|1.0|10|20.0|1.0|linear-drop|linear-drop|exp-growth|42|10.0|10|10|5.0|nan|square|False|nan,4
d82eadfac2753931318c6d24c02a58df,0.0955039795769813,2.296595811843872,7620,0.3,0.3,2.0,1.0,10,10.0,0.1,linear-drop,exp-drop,exp-growth,42,25.0,10,10,5.0,,square,False,,1671.3253810731949,0.3|0.3|2.0|1.0|10|10.0|0.1|linear-drop|exp-drop|exp-growth|42|25.0|10|10|5.0|nan|square|False|nan,2
165fb0569684a6775bb969feb2197e7c,0.0877894321378178,2.3502907752990723,8330,0.6,0.3,1.0,1.0,10,50.0,0.5,exp-drop,exp-drop,exp-growth,42,50.0,10,10,5.0,,square,False,,1718.7346687104016,0.6|0.3|1.0|1.0|10|50.0|0.5|exp-drop|exp-drop|exp-growth|42|50.0|10|10|5.0|nan|square|False|nan,3
72310af3906c1eea99917270c8f18889,0.0940611285681603,2.4643714427948,7500,0.8,0.1,5.0,1.0,10,1.0,0.5,exp-drop,linear-drop,exp-growth,42,15.0,10,10,5.0,,square,False,,1738.5116934031828,0.8|0.1|5.0|1.0|10|1.0|0.5|exp-drop|linear-drop|exp-growth|42|15.0|10|10|5.0|nan|square|False|nan,2
4ea593800ad26a2a49de6d68394c795f,0.0909722344224196,2.3473286628723145,8310,0.3,0.1,2.0,1.0,10,50.0,0.2,exp-drop,exp-drop,exp-growth,42,50.0,10,10,5.0,,square,False,,1774.5318044317178,0.3|0.1|2.0|1.0|10|50.0|0.2|exp-drop|exp-drop|exp-growth|42|50.0|10|10|5.0|nan|square|False|nan,1
3a965f31a274c9b0fc80fe7eeff5a4fc,0.0877894321378178,2.2214152812957764,9350,0.6,0.3,1.0,1.0,10,100.0,0.1,exp-drop,exp-drop,exp-growth,42,50.0,10,10,5.0,,square,False,,1823.4069499155726,0.6|0.3|1.0|1.0|10|100.0|0.1|exp-drop|exp-drop|exp-growth|42|50.0|10|10|5.0|nan|square|False|nan,2
4119a07ebda1e0018145561d3eea147c,0.0963556132696703,2.572449922561645,7500,0.3,0.05,5.0,1.0,10,2.0,1.0,linear-drop,linear-drop,exp-growth,42,15.0,10,10,5.0,,square,False,,1859.024924204574,0.3|0.05|5.0|1.0|10|2.0|1.0|linear-drop|linear-drop|exp-growth|42|15.0|10|10|5.0|nan|square|False|nan,1
d6d076af15f12d5e13da10082ef1de33,0.0861753126356683,2.2669124603271484,9760,0.6,0.1,1.0,1.0,10,20.0,0.2,exp-drop,linear-drop,exp-growth,42,5.0,10,10,5.0,,square,False,,1906.6344462671082,0.6|0.1|1.0|1.0|10|20.0|0.2|exp-drop|linear-drop|exp-growth|42|5.0|10|10|5.0|nan|square|False|nan,1
ede8edd95b251e8fad15a5b33af9f0d6,0.0917213123849133,2.245483160018921,9350,0.3,0.3,2.0,1.0,10,100.0,0.1,linear-drop,exp-drop,exp-growth,42,50.0,10,10,5.0,,square,False,,1925.7134932077245,0.3|0.3|2.0|1.0|10|100.0|0.1|linear-drop|exp-drop|exp-growth|42|50.0|10|10|5.0|nan|square|False|nan,1
74a82cef537d137722796c9724462630,0.1039494634089005,2.7640602588653564,7500,0.6,0.05,10.0,1.0,10,1.0,1.0,linear-drop,linear-drop,linear-growth,42,10.0,10,10,5.0,,square,False,,2154.9193555419033,0.6|0.05|10.0|1.0|10|1.0|1.0|linear-drop|linear-drop|linear-growth|42|10.0|10|10|5.0|nan|square|False|nan,1
9016f9463ff26994603a2a1348f0ff0e,0.0836101047671358,1.9348132610321045,13970,0.5,0.1,1.0,1.0,10,100.0,1.0,linear-drop,exp-drop,exp-growth,42,15.0,10,10,5.0,,square,False,,2259.926054252539,0.5|0.1|1.0|1.0|10|100.0|1.0|linear-drop|exp-drop|exp-growth|42|15.0|10|10|5.0|nan|square|False|nan,3
da10ef50b2bb306f4d164dc485f48c80,0.0854373820371122,2.4984331130981445,11310,0.5,0.3,1.0,1.0,10,100.0,0.5,linear-drop,exp-drop,exp-growth,42,25.0,10,10,5.0,,square,False,,2414.2278993144755,0.5|0.3|1.0|1.0|10|100.0|0.5|linear-drop|exp-drop|exp-growth|42|25.0|10|10|5.0|nan|square|False|nan,1
ae3442f2dedc0752165321246928c39c,0.1277012307175148,2.669682741165161,7500,0.4,0.2,5.0,1.0,10,2.0,1.0,exp-drop,exp-drop,linear-growth,42,15.0,10,10,5.0,,square,False,,2556.9132875407468,0.4|0.2|5.0|1.0|10|2.0|1.0|exp-drop|exp-drop|linear-growth|42|15.0|10|10|5.0|nan|square|False|nan,1
a3aded8d639c7b75c9949281b4a2e4ea,0.145168129599595,2.9108448028564453,7500,0.6,0.3,10.0,1.0,10,5.0,0.1,linear-drop,exp-drop,exp-growth,42,10.0,10,10,5.0,,square,False,,3169.21421689029,0.6|0.3|10.0|1.0|10|5.0|0.1|linear-drop|exp-drop|exp-growth|42|10.0|10|10|5.0|nan|square|False|nan,1
9859e5ac784dcf62eb25fb29ab62e6d0,0.1367252568809164,3.537203073501587,7810,0.7,0.2,10.0,1.0,10,10.0,0.2,exp-drop,exp-drop,exp-growth,42,10.0,10,10,5.0,,square,False,,3777.1112411315225,0.7|0.2|10.0|1.0|10|10.0|0.2|exp-drop|exp-drop|exp-growth|42|10.0|10|10|5.0|nan|square|False|nan,1
175e98b82b3f0344800f33c693db8a9f,0.0858755799626894,3.262281656265259,13830,0.7,0.1,10.0,1.0,10,100.0,0.2,exp-drop,linear-drop,exp-growth,42,15.0,10,10,5.0,,square,False,,3874.479053298227,0.7|0.1|10.0|1.0|10|100.0|0.2|exp-drop|linear-drop|exp-growth|42|15.0|10|10|5.0|nan|square|False|nan,3
6f7db2621dbe2095cdfc1e79ac74d6cf,0.142751168422974,3.636157512664795,7500,0.8,0.3,10.0,1.0,10,1.0,0.5,exp-drop,exp-drop,linear-growth,42,15.0,10,10,5.0,,square,False,,3892.9930012715577,0.8|0.3|10.0|1.0|10|1.0|0.5|exp-drop|exp-drop|linear-growth|42|15.0|10|10|5.0|nan|square|False|nan,1
7ec51dbb2b71432702c9bc6ef0b80770,0.0846790699466645,3.5234882831573486,15000,0.5,0.1,2.0,1.0,10,2.0,0.1,exp-drop,linear-drop,linear-growth,42,15.0,10,10,10.0,,square,False,,4475.48566178601,0.5|0.1|2.0|1.0|10|2.0|0.1|exp-drop|linear-drop|linear-growth|42|15.0|10|10|10.0|nan|square|False|nan,2
14009555966abe7c9e7bbc03b6c7a01e,0.0856521730586882,3.574397087097168,15270,0.5,0.3,1.0,1.0,10,10.0,1.0,linear-drop,linear-drop,exp-growth,42,25.0,10,10,10.0,,square,False,,4674.9849852965845,0.5|0.3|1.0|1.0|10|10.0|1.0|linear-drop|linear-drop|exp-growth|42|25.0|10|10|10.0|nan|square|False|nan,1
5c5e40e30d218287ebb3ebfe520cdab7,0.0855943386946017,3.6681103706359854,15000,0.5,0.05,2.0,1.0,10,2.0,1.0,linear-drop,linear-drop,linear-growth,42,15.0,10,10,10.0,,square,False,,4709.542221500963,0.5|0.05|2.0|1.0|10|2.0|1.0|linear-drop|linear-drop|linear-growth|42|15.0|10|10|10.0|nan|square|False|nan,2
b9f559b8d70dd6a7aa55a216fa178a0d,0.0831219763166525,4.011070489883423,15000,0.6,0.1,1.0,1.0,10,1.0,0.5,linear-drop,linear-drop,exp-growth,42,15.0,10,10,10.0,,square,False,,5001.121593967704,0.6|0.1|1.0|1.0|10|1.0|0.5|linear-drop|linear-drop|exp-growth|42|15.0|10|10|10.0|nan|square|False|nan,3
caf263fa6a919c1fab177b6a18e6fe09,0.0831219763166525,4.257670164108276,15000,0.6,0.1,1.0,1.0,10,1.0,1.0,linear-drop,linear-drop,exp-growth,42,50.0,10,10,10.0,,square,False,,5308.589378176891,0.6|0.1|1.0|1.0|10|1.0|1.0|linear-drop|linear-drop|exp-growth|42|50.0|10|10|10.0|nan|square|False|nan,2
7d0e701c815e98152282563fd43e6f65,0.0883203405386165,4.035199880599976,15000,0.8,0.3,2.0,1.0,10,1.0,1.0,exp-drop,linear-drop,linear-growth,42,15.0,10,10,10.0,,square,False,,5345.853413939617,0.8|0.3|2.0|1.0|10|1.0|1.0|exp-drop|linear-drop|linear-growth|42|15.0|10|10|10.0|nan|square|False|nan,1
a9397ed7c195a9ebe219c18b392d7cdb,0.0833127727043736,4.2806549072265625,15450,0.3,0.1,1.0,1.0,10,20.0,0.1,linear-drop,linear-drop,exp-growth,42,50.0,10,10,10.0,,square,False,,5509.983392864653,0.3|0.1|1.0|1.0|10|20.0|0.1|linear-drop|linear-drop|exp-growth|42|50.0|10|10|10.0|nan|square|False|nan,2
cb142ac45d20f6f1d9c203b760dd0ea1,0.0890881694720304,4.143059968948364,15000,0.8,0.1,2.0,1.0,10,1.0,1.0,exp-drop,linear-drop,linear-growth,42,10.0,10,10,10.0,,square,False,,5536.464429696853,0.8|0.1|2.0|1.0|10|1.0|1.0|exp-drop|linear-drop|linear-growth|42|10.0|10|10|10.0|nan|square|False|nan,1
77d05e2f3a2c740d2048ece37d0a83bb,0.086299688854513,4.391875267028809,15000,0.6,0.1,2.0,1.0,10,2.0,0.5,linear-drop,linear-drop,exp-growth,42,15.0,10,10,10.0,,square,False,,5685.262035486261,0.6|0.1|2.0|1.0|10|2.0|0.5|linear-drop|linear-drop|exp-growth|42|15.0|10|10|10.0|nan|square|False|nan,1
cb15f465cfdb0e31d53e446a7f9a5ab8,0.091717635035845,3.7746641635894775,16500,0.3,0.1,2.0,1.0,10,20.0,0.1,linear-drop,exp-drop,exp-growth,42,15.0,10,10,10.0,,square,False,,5712.353957293217,0.3|0.1|2.0|1.0|10|20.0|0.1|linear-drop|exp-drop|exp-growth|42|15.0|10|10|10.0|nan|square|False|nan,1
b1073b191f17f183849cf7b0bf8faf12,0.083640724530795,4.2812180519104,16650,0.5,0.05,2.0,1.0,10,50.0,0.2,exp-drop,linear-drop,exp-growth,42,50.0,10,10,10.0,,square,False,,5962.101592606142,0.5|0.05|2.0|1.0|10|50.0|0.2|exp-drop|linear-drop|exp-growth|42|50.0|10|10|10.0|nan|square|False|nan,2
ddc4fac3a17cdd0a03a81171efa1fbe5,0.0831219763166525,4.593503475189209,15690,0.6,0.1,1.0,1.0,10,10.0,1.0,linear-drop,linear-drop,exp-growth,42,10.0,10,10,10.0,,square,False,,5990.7728562089205,0.6|0.1|1.0|1.0|10|10.0|1.0|linear-drop|linear-drop|exp-growth|42|10.0|10|10|10.0|nan|square|False|nan,3
30f52192bc52ea11dd080edc4c759ac5,0.0909842577581871,4.481576204299927,15000,0.8,0.2,2.0,1.0,10,2.0,1.0,exp-drop,linear-drop,linear-growth,42,15.0,10,10,10.0,,square,False,,6116.293268024734,0.8|0.2|2.0|1.0|10|2.0|1.0|exp-drop|linear-drop|linear-growth|42|15.0|10|10|10.0|nan|square|False|nan,2
c3a028eae4d737923a9d3a2bf533bc2b,0.089832879553738,4.567066669464111,15000,0.8,0.05,2.0,1.0,10,1.0,1.0,exp-drop,linear-drop,exp-growth,42,10.0,10,10,10.0,,square,False,,6154.091250477913,0.8|0.05|2.0|1.0|10|1.0|1.0|exp-drop|linear-drop|exp-growth|42|10.0|10|10|10.0|nan|square|False|nan,2
f7af5cc713b93b247e52495ffa65cf5a,0.086615767924689,4.750065088272095,15000,0.4,0.05,2.0,1.0,10,2.0,0.2,exp-drop,linear-drop,exp-growth,42,50.0,10,10,10.0,,square,False,,6171.458029694148,0.4|0.05|2.0|1.0|10|2.0|0.2|exp-drop|linear-drop|exp-growth|42|50.0|10|10|10.0|nan|square|False|nan,1
193b3494e23328baa09c2e93b39f2412,0.0826211919513645,4.944298982620239,15240,0.3,0.05,5.0,1.0,10,10.0,0.1,exp-drop,linear-drop,exp-growth,42,25.0,10,10,10.0,,square,False,,6225.5990596939655,0.3|0.05|5.0|1.0|10|10.0|0.1|exp-drop|linear-drop|exp-growth|42|25.0|10|10|10.0|nan|square|False|nan,2
8cc8a032748ddd5ee3cc26b6add086da,0.0837833901491204,3.0530991554260254,26240,0.3,0.1,1.0,1.0,10,100.0,0.1,linear-drop,exp-drop,exp-growth,42,5.0,10,10,5.0,,square,False,,6712.165699726947,0.3|0.1|1.0|1.0|10|100.0|0.1|linear-drop|exp-drop|exp-growth|42|5.0|10|10|5.0|nan|square|False|nan,3
b87896d98fa5d6b4d5b3db724d8ef451,0.0881051632073632,4.989900827407837,15450,0.3,0.1,5.0,1.0,10,20.0,0.1,linear-drop,linear-drop,exp-growth,42,50.0,10,10,10.0,,square,False,,6792.376613864158,0.3|0.1|5.0|1.0|10|20.0|0.1|linear-drop|linear-drop|exp-growth|42|50.0|10|10|10.0|nan|square|False|nan,2
d98f7eb95283ca5b84f8f904b57a41b6,0.0823849893060716,3.2292144298553467,26240,0.5,0.1,1.0,1.0,10,100.0,0.1,linear-drop,exp-drop,exp-growth,42,5.0,10,10,5.0,,square,False,,6980.8580141417215,0.5|0.1|1.0|1.0|10|100.0|0.1|linear-drop|exp-drop|exp-growth|42|5.0|10|10|5.0|nan|square|False|nan,2
cbd2bb4d205fe4dc6ebb60265c702a79,0.0881465750135013,4.762927770614624,16650,0.5,0.05,2.0,1.0,10,50.0,0.2,exp-drop,exp-drop,exp-growth,42,50.0,10,10,10.0,,square,False,,6990.265570772568,0.5|0.05|2.0|1.0|10|50.0|0.2|exp-drop|exp-drop|exp-growth|42|50.0|10|10|10.0|nan|square|False|nan,2
e1edeca2381184f1fad5dedf4e27ad61,0.1253103765446278,3.682937383651733,15200,0.8,0.05,5.0,1.0,10,20.0,0.5,linear-drop,exp-drop,linear-growth,42,15.0,10,10,5.0,,square,False,,7014.956109102411,0.8|0.05|5.0|1.0|10|20.0|0.5|linear-drop|exp-drop|linear-growth|42|15.0|10|10|5.0|nan|square|False|nan,1
559f08bbe9e2da1ce74b4a1c2b0a5832,0.0910636134518084,4.707285165786743,16500,0.5,0.1,2.0,1.0,10,20.0,0.1,exp-drop,exp-drop,exp-growth,42,15.0,10,10,10.0,,square,False,,7072.92954628649,0.5|0.1|2.0|1.0|10|20.0|0.1|exp-drop|exp-drop|exp-growth|42|15.0|10|10|10.0|nan|square|False|nan,2
bcbdcd23a415d08bacf768b0230c0077,0.085077321510089,2.7946043014526367,32250,0.8,0.05,1.0,1.0,10,50.0,0.5,exp-drop,linear-drop,linear-growth,42,50.0,10,10,5.0,,square,False,,7667.677718903277,0.8|0.05|1.0|1.0|10|50.0|0.5|exp-drop|linear-drop|linear-growth|42|50.0|10|10|5.0|nan|square|False|nan,2
fddfdb2c0afaca968bc694892250ca3f,0.0846369212903263,3.9152865409851074,28020,0.5,0.1,1.0,1.0,10,100.0,1.0,linear-drop,exp-drop,exp-growth,42,15.0,10,10,10.0,,square,False,,9285.205922332021,0.5|0.1|1.0|1.0|10|100.0|1.0|linear-drop|exp-drop|exp-growth|42|15.0|10|10|10.0|nan|square|False|nan,1
ad82d6e73920284cfb65c574b6e9c37d,0.1216049058717221,5.320075511932373,15120,0.3,0.1,5.0,1.0,10,10.0,0.2,exp-drop,exp-drop,exp-growth,42,50.0,10,10,10.0,,square,False,,9781.842901707929,0.3|0.1|5.0|1.0|10|10.0|0.2|exp-drop|exp-drop|exp-growth|42|50.0|10|10|10.0|nan|square|False|nan,1
e9194bcf8b893feae3016d451f485ccc,0.1194802199226707,5.484667539596558,15000,0.8,0.2,5.0,1.0,10,1.0,1.0,exp-drop,exp-drop,linear-growth,42,10.0,10,10,10.0,,square,False,,9829.639257505949,0.8|0.2|5.0|1.0|10|1.0|1.0|exp-drop|exp-drop|linear-growth|42|10.0|10|10|10.0|nan|square|False|nan,1
e533832a489ba017717312c93b5f4b69,0.1280184074974629,5.101097822189331,15690,0.8,0.05,5.0,1.0,10,10.0,1.0,linear-drop,exp-drop,exp-growth,42,10.0,10,10,10.0,,square,False,,10246.11004486478,0.8|0.05|5.0|1.0|10|10.0|1.0|linear-drop|exp-drop|exp-growth|42|10.0|10|10|10.0|nan|square|False|nan,1
9e12c0ae218e175193ecfc38626f3b88,0.1204434560910346,5.457173109054565,15970,0.3,0.05,5.0,1.0,10,20.0,1.0,exp-drop,exp-drop,exp-growth,42,25.0,10,10,10.0,,square,False,,10496.774212173166,0.3|0.05|5.0|1.0|10|20.0|1.0|exp-drop|exp-drop|exp-growth|42|25.0|10|10|10.0|nan|square|False|nan,1
f7ffa2c837b44ead5bf51b91bc3cf5aa,0.0862930793699262,3.996373414993286,32250,0.8,0.1,5.0,1.0,10,50.0,0.5,exp-drop,linear-drop,linear-growth,42,15.0,10,10,5.0,,square,False,,11121.714627413086,0.8|0.1|5.0|1.0|10|50.0|0.5|exp-drop|linear-drop|linear-growth|42|15.0|10|10|5.0|nan|square|False|nan,1
63b009f2137f8a4833cc7df367b2d96b,0.10062706866422,5.290971755981445,22590,0.3,0.1,5.0,1.0,10,100.0,0.1,exp-drop,exp-drop,exp-growth,42,25.0,10,10,10.0,,square,False,,12027.25435730292,0.3|0.1|5.0|1.0|10|100.0|0.1|exp-drop|exp-drop|exp-growth|42|25.0|10|10|10.0|nan|square|False|nan,1
9bcd4977d7ee6b3e12b77660f1b01e90,0.091808251051669,4.459450721740723,30150,0.5,0.3,2.0,1.0,10,20.0,0.2,linear-drop,exp-drop,linear-growth,42,25.0,10,10,10.0,,square,False,,12343.84329813568,0.5|0.3|2.0|1.0|10|20.0|0.2|linear-drop|exp-drop|linear-growth|42|25.0|10|10|10.0|nan|square|False|nan,1
d8fe887130e2627c66cf0e10d0f80de0,0.1194968470867177,6.068141937255859,20260,0.6,0.2,5.0,1.0,10,10.0,0.5,linear-drop,exp-drop,linear-growth,42,10.0,10,10,10.0,,square,False,,14691.008779121204,0.6|0.2|5.0|1.0|10|10.0|0.5|linear-drop|exp-drop|linear-growth|42|10.0|10|10|10.0|nan|square|False|nan,1
201c0565373f7853530a4fe6c07f8541,0.1483773847375196,7.0998125076293945,15000,0.6,0.3,10.0,1.0,10,2.0,0.5,linear-drop,exp-drop,linear-growth,42,5.0,10,10,10.0,,square,False,,15801.774180131706,0.6|0.3|10.0|1.0|10|2.0|0.5|linear-drop|exp-drop|linear-growth|42|5.0|10|10|10.0|nan|square|False|nan,1
bc651fa6ea98b6663a2fabf8308b9676,0.0804118026889972,4.116343259811401,60270,0.4,0.2,1.0,1.0,10,100.0,0.5,linear-drop,linear-drop,linear-growth,42,25.0,10,10,5.0,,square,False,,19949.525617630472,0.4|0.2|1.0|1.0|10|100.0|0.5|linear-drop|linear-drop|linear-growth|42|25.0|10|10|5.0|nan|square|False|nan,1
48ef1568d221e9a2b7f8edf3be147ae7,0.0874494903425134,9.138526201248167,30000,0.8,0.3,2.0,1.0,10,5.0,0.1,linear-drop,linear-drop,linear-growth,42,50.0,10,10,20.0,,square,False,,23974.78376342572,0.8|0.3|2.0|1.0|10|5.0|0.1|linear-drop|linear-drop|linear-growth|42|50.0|10|10|20.0|nan|square|False|nan,1
73a71833a2ab5f4e78f34f27450c6def,0.0961320255857143,7.253242254257202,40530,0.6,0.05,2.0,1.0,10,10.0,0.5,linear-drop,exp-drop,linear-growth,42,10.0,10,10,20.0,,square,False,,28260.307299707285,0.6|0.05|2.0|1.0|10|10.0|0.5|linear-drop|exp-drop|linear-growth|42|10.0|10|10|20.0|nan|square|False|nan,1
d077ef7a9608d3490c323b1eab7aad62,0.0887875072033017,11.388060092926024,30000,0.8,0.05,10.0,1.0,10,2.0,0.2,linear-drop,linear-drop,linear-growth,42,25.0,10,10,20.0,,square,False,,30333.524025969054,0.8|0.05|10.0|1.0|10|2.0|0.2|linear-drop|linear-drop|linear-growth|42|25.0|10|10|20.0|nan|square|False|nan,1
f9790152a868caf4a8ee23d34be897db,0.1306128856892725,7.46730637550354,32250,0.4,0.05,10.0,1.0,10,50.0,0.5,exp-drop,exp-drop,linear-growth,42,15.0,10,10,5.0,,square,False,,31454.277497481038,0.4|0.05|10.0|1.0|10|50.0|0.5|exp-drop|exp-drop|linear-growth|42|15.0|10|10|5.0|nan|square|False|nan,1
09e8c3fef53490ed746cd8c1e44351dc,0.0829723241389916,6.7021894454956055,64490,0.8,0.05,2.0,1.0,10,50.0,0.5,exp-drop,linear-drop,linear-growth,42,15.0,10,10,10.0,,square,False,,35862.64620241091,0.8|0.05|2.0|1.0|10|50.0|0.5|exp-drop|linear-drop|linear-growth|42|15.0|10|10|10.0|nan|square|False|nan,1
308d38118c36cabc779be76702189bce,0.086831527470717,6.9305384159088135,64490,0.5,0.2,5.0,1.0,10,50.0,0.5,exp-drop,linear-drop,linear-growth,42,15.0,10,10,10.0,,square,False,,38809.38788431756,0.5|0.2|5.0|1.0|10|50.0|0.5|exp-drop|linear-drop|linear-growth|42|15.0|10|10|10.0|nan|square|False|nan,2
3b9c535174df1ef3ded2a31200b9a11d,0.1155277014737979,11.21761679649353,30240,0.8,0.1,5.0,1.0,10,10.0,0.2,exp-drop,exp-drop,exp-growth,42,50.0,10,10,20.0,,square,False,,39189.39145166603,0.8|0.1|5.0|1.0|10|10.0|0.2|exp-drop|exp-drop|exp-growth|42|50.0|10|10|20.0|nan|square|False|nan,1
edfa914e1c3f12da4a63e60be81067f3,0.0841989049666987,8.916940927505493,68630,0.8,0.05,5.0,1.0,10,100.0,0.5,exp-drop,linear-drop,exp-growth,42,10.0,10,10,20.0,,square,False,,51527.17489581336,0.8|0.05|5.0|1.0|10|100.0|0.5|exp-drop|linear-drop|exp-growth|42|10.0|10|10|20.0|nan|square|False|nan,1
506df64e93b3e469017f4819850fe528,0.0856170071042726,10.958288192749023,60770,0.9,0.1,5.0,1.0,10,20.0,0.5,linear-drop,linear-drop,linear-growth,42,15.0,10,10,20.0,,square,False,,57015.37647825351,0.9|0.1|5.0|1.0|10|20.0|0.5|linear-drop|linear-drop|linear-growth|42|15.0|10|10|20.0|nan|square|False|nan,1
1d7a4c6bb5c253ab83959a4136da40ef,0.0802914985047186,6.927807569503784,120530,0.6,0.1,1.0,1.0,10,100.0,0.5,linear-drop,linear-drop,linear-growth,42,15.0,10,10,10.0,,square,False,,67044.09548002208,0.6|0.1|1.0|1.0|10|100.0|0.5|linear-drop|linear-drop|linear-growth|42|15.0|10|10|10.0|nan|square|False|nan,1
b14e20808e762d20f5004ac4a61e4fec,0.0829950260237338,7.274106979370117,121050,0.4,0.3,1.0,1.0,10,100.0,1.0,linear-drop,exp-drop,linear-growth,42,25.0,10,10,10.0,,square,False,,73079.66419922444,0.4|0.3|1.0|1.0|10|100.0|1.0|linear-drop|exp-drop|linear-growth|42|25.0|10|10|10.0|nan|square|False|nan,1
02dd5daa6e510bee937c1efa9dc50dea,0.101604582193262,15.379805564880373,105100,0.8,0.2,5.0,1.0,10,100.0,0.1,linear-drop,exp-drop,exp-growth,42,5.0,10,10,20.0,,square,False,,164235.4313283573,0.8|0.2|5.0|1.0|10|100.0|0.1|linear-drop|exp-drop|exp-growth|42|5.0|10|10|20.0|nan|square|False|nan,1
