uid,score,duration,total_weight_updates,learning_rate,min_learning_rate,radius,min_radius,num_batches,max_batch_percent,min_batch_percent,lr_decay_type,radius_decay_type,batch_growth_type,random_seed,growth_g,m,n,epoch_multiplier,min_q_error,map_type,normalize_weights_flag,max_epochs_without_improvement
0827dce8c8df391a4c21f90a003fa8f1,0.09270191677117207,0.4772019386291504,2060,0.5,0.05,1.0,1.0,10,10.0,1.0,linear-drop,exp-drop,linear-growth,42,15.0,10,10,1.0,,square,False,
76ca25f86bd616188a669637fa3ae284,0.10269408839199029,0.5309402942657471,1660,0.8,0.05,5.0,1.0,10,20.0,1.0,linear-drop,linear-drop,exp-growth,42,15.0,10,10,1.0,,square,False,
d928d824d7e2dba70c19354c7537df90,0.116935401088268,0.5937800407409668,1540,0.7,0.05,10.0,1.0,10,10.0,0.2,linear-drop,linear-drop,exp-growth,42,15.0,10,10,1.0,,square,False,
2420d680f0d640f19f7c21fa7a3483f3,0.08507195662991775,0.8968994617462158,12140,0.4,0.3,1.0,1.0,10,100.0,1.0,linear-drop,exp-drop,linear-growth,42,25.0,10,10,1.0,,square,False,
f83bc11ca121b8f8edc2a9de0371dc7a,0.0895667781504239,2.243781328201294,7500,0.8,0.1,1.0,1.0,10,5.0,0.1,exp-drop,linear-drop,linear-growth,42,50.0,10,10,5.0,,square,False,
f825f2b830f5a49eaaddf720396787cf,0.0891899497181571,0.5102956295013428,2030,0.5,0.3,1.0,1.0,10,10.0,0.5,linear-drop,exp-drop,linear-growth,42,25.0,10,10,1.0,,square,False,
d82eadfac2753931318c6d24c02a58df,0.09550397957698133,2.296595811843872,7620,0.3,0.3,2.0,1.0,10,10.0,0.1,linear-drop,exp-drop,exp-growth,42,25.0,10,10,5.0,,square,False,
e1edeca2381184f1fad5dedf4e27ad61,0.1253103765446278,3.6829373836517334,15200,0.8,0.05,5.0,1.0,10,20.0,0.5,linear-drop,exp-drop,linear-growth,42,15.0,10,10,5.0,,square,False,
c3a028eae4d737923a9d3a2bf533bc2b,0.08983287955373809,4.580250263214111,15000,0.8,0.05,2.0,1.0,10,1.0,1.0,exp-drop,linear-drop,exp-growth,42,10.0,10,10,10.0,,square,False,
b9f559b8d70dd6a7aa55a216fa178a0d,0.08312197631665251,4.598575592041016,15000,0.6,0.1,1.0,1.0,10,1.0,0.5,linear-drop,linear-drop,exp-growth,42,15.0,10,10,10.0,,square,False,
ddc4fac3a17cdd0a03a81171efa1fbe5,0.08312197631665251,4.677611827850342,15690,0.6,0.1,1.0,1.0,10,10.0,1.0,linear-drop,linear-drop,exp-growth,42,10.0,10,10,10.0,,square,False,
193b3494e23328baa09c2e93b39f2412,0.08262119195136453,4.944298982620239,15240,0.3,0.05,5.0,1.0,10,10.0,0.1,exp-drop,linear-drop,exp-growth,42,25.0,10,10,10.0,,square,False,
72310af3906c1eea99917270c8f18889,0.09406112856816039,2.4643714427948,7500,0.8,0.1,5.0,1.0,10,1.0,0.5,exp-drop,linear-drop,exp-growth,42,15.0,10,10,5.0,,square,False,
4119a07ebda1e0018145561d3eea147c,0.09635561326967033,2.5724499225616455,7500,0.3,0.05,5.0,1.0,10,2.0,1.0,linear-drop,linear-drop,exp-growth,42,15.0,10,10,5.0,,square,False,
9ac65d2dafa90312fd29af0d29366208,0.14096166617567188,0.8275008201599121,2740,0.4,0.05,10.0,1.0,10,100.0,0.2,exp-drop,exp-drop,exp-growth,42,15.0,10,10,1.0,,square,False,
f60df2dcbf62fc4e3d33c11e0ae4c1b2,0.0890057299391174,0.5085248947143555,1810,0.4,0.1,2.0,1.0,10,100.0,0.2,exp-drop,linear-drop,exp-growth,42,50.0,10,10,1.0,,square,False,
bd341c99107f3226ed76fc5ff48f93c5,0.08672017471536658,2.4613635540008545,7720,0.9,0.2,1.0,1.0,10,20.0,0.1,exp-drop,linear-drop,exp-growth,42,50.0,10,10,5.0,,square,False,
ed76dbdea864e0eac7fd2dbfa0c31810,0.14335668377644728,0.7601439952850342,1940,0.9,0.3,10.0,1.0,10,20.0,0.1,linear-drop,exp-drop,exp-growth,42,5.0,10,10,1.0,,square,False,
b22c3bf536f753749850f18b8569bace,0.10351321210353485,0.5966181755065918,1560,0.5,0.2,10.0,1.0,10,10.0,0.1,linear-drop,linear-drop,exp-growth,42,10.0,10,10,1.0,,square,False,
449588237afd73b32f59b8f09f159ffd,0.15378446504488608,0.6834471225738525,1500,0.4,0.3,10.0,1.0,10,2.0,0.1,exp-drop,exp-drop,exp-growth,42,15.0,10,10,1.0,,square,False,
9e12c0ae218e175193ecfc38626f3b88,0.12044345609103461,5.457173109054565,15970,0.3,0.05,5.0,1.0,10,20.0,1.0,exp-drop,exp-drop,exp-growth,42,25.0,10,10,10.0,,square,False,
201c0565373f7853530a4fe6c07f8541,0.14837738473751966,7.0998125076293945,15000,0.6,0.3,10.0,1.0,10,2.0,0.5,linear-drop,exp-drop,linear-growth,42,5.0,10,10,10.0,,square,False,
74a82cef537d137722796c9724462630,0.10394946340890054,2.7640602588653564,7500,0.6,0.05,10.0,1.0,10,1.0,1.0,linear-drop,linear-drop,linear-growth,42,10.0,10,10,5.0,,square,False,
175e98b82b3f0344800f33c693db8a9f,0.08587557996268944,3.3335447311401367,13830,0.7,0.1,10.0,1.0,10,100.0,0.2,exp-drop,linear-drop,exp-growth,42,15.0,10,10,5.0,,square,False,
48ef1568d221e9a2b7f8edf3be147ae7,0.08744949034251344,9.138526201248169,30000,0.8,0.3,2.0,1.0,10,5.0,0.1,linear-drop,linear-drop,linear-growth,42,50.0,10,10,20.0,,square,False,
cbd2bb4d205fe4dc6ebb60265c702a79,0.08814657501350132,4.846954822540283,16650,0.5,0.05,2.0,1.0,10,50.0,0.2,exp-drop,exp-drop,exp-growth,42,50.0,10,10,10.0,,square,False,
559f08bbe9e2da1ce74b4a1c2b0a5832,0.09106361345180844,4.798253297805786,16500,0.5,0.1,2.0,1.0,10,20.0,0.1,exp-drop,exp-drop,exp-growth,42,15.0,10,10,10.0,,square,False,
8cc8a032748ddd5ee3cc26b6add086da,0.08378339014912041,3.0530991554260254,26240,0.3,0.1,1.0,1.0,10,100.0,0.1,linear-drop,exp-drop,exp-growth,42,5.0,10,10,5.0,,square,False,
1e576df9832b662529d75decce2d42ed,0.0867779338080643,1.1704542636871338,6470,0.8,0.05,10.0,1.0,10,50.0,0.5,exp-drop,linear-drop,linear-growth,42,15.0,10,10,1.0,,square,False,
9859e5ac784dcf62eb25fb29ab62e6d0,0.13672525688091644,3.537203073501587,7810,0.7,0.2,10.0,1.0,10,10.0,0.2,exp-drop,exp-drop,exp-growth,42,10.0,10,10,5.0,,square,False,
c920398c83d2380e5a3d196cec6d6382,0.09562123033616697,0.43140411376953125,1500,0.4,0.3,1.0,1.0,10,2.0,0.5,linear-drop,linear-drop,linear-growth,42,25.0,10,10,1.0,,square,False,
d077ef7a9608d3490c323b1eab7aad62,0.08878750720330172,11.388060092926025,30000,0.8,0.05,10.0,1.0,10,2.0,0.2,linear-drop,linear-drop,linear-growth,42,25.0,10,10,20.0,,square,False,
3b9c535174df1ef3ded2a31200b9a11d,0.11552770147379798,11.21761679649353,30240,0.8,0.1,5.0,1.0,10,10.0,0.2,exp-drop,exp-drop,exp-growth,42,50.0,10,10,20.0,,square,False,
e9194bcf8b893feae3016d451f485ccc,0.1194802199226707,5.484667539596558,15000,0.8,0.2,5.0,1.0,10,1.0,1.0,exp-drop,exp-drop,linear-growth,42,10.0,10,10,10.0,,square,False,
b87896d98fa5d6b4d5b3db724d8ef451,0.08810516320736324,5.347925186157227,15450,0.3,0.1,5.0,1.0,10,20.0,0.1,linear-drop,linear-drop,exp-growth,42,50.0,10,10,10.0,,square,False,
88fe6e8e98a8412a0479781722c4a8cb,0.1078695812033128,0.7741081714630127,3000,0.7,0.05,10.0,1.0,10,20.0,0.1,linear-drop,linear-drop,linear-growth,42,5.0,10,10,1.0,,square,False,
165fb0569684a6775bb969feb2197e7c,0.08778943213781783,2.505743980407715,8330,0.6,0.3,1.0,1.0,10,50.0,0.5,exp-drop,exp-drop,exp-growth,42,50.0,10,10,5.0,,square,False,
cdd5f64bf64a3543f15a61cb4e8617f8,0.08539190444380287,2.2537925243377686,7950,0.5,0.3,1.0,1.0,10,20.0,0.2,linear-drop,exp-drop,exp-growth,42,25.0,10,10,5.0,,square,False,
30f52192bc52ea11dd080edc4c759ac5,0.09098425775818718,4.481576204299927,15000,0.8,0.2,2.0,1.0,10,2.0,1.0,exp-drop,linear-drop,linear-growth,42,15.0,10,10,10.0,,square,False,
ad82d6e73920284cfb65c574b6e9c37d,0.12160490587172217,5.320075511932373,15120,0.3,0.1,5.0,1.0,10,10.0,0.2,exp-drop,exp-drop,exp-growth,42,50.0,10,10,10.0,,square,False,
d8fe887130e2627c66cf0e10d0f80de0,0.11949684708671778,6.068141937255859,20260,0.6,0.2,5.0,1.0,10,10.0,0.5,linear-drop,exp-drop,linear-growth,42,10.0,10,10,10.0,,square,False,
e533832a489ba017717312c93b5f4b69,0.12801840749746296,5.101097822189331,15690,0.8,0.05,5.0,1.0,10,10.0,1.0,linear-drop,exp-drop,exp-growth,42,10.0,10,10,10.0,,square,False,
a3aded8d639c7b75c9949281b4a2e4ea,0.14516812959959505,2.9108448028564453,7500,0.6,0.3,10.0,1.0,10,5.0,0.1,linear-drop,exp-drop,exp-growth,42,10.0,10,10,5.0,,square,False,
e1b9f8410dc1befaf6b5478d7e0d55f1,0.08566877424895428,1.7813286781311035,7500,0.4,0.2,1.0,1.0,10,1.0,0.5,linear-drop,exp-drop,exp-growth,42,15.0,10,10,5.0,,square,False,
506df64e93b3e469017f4819850fe528,0.08561700710427263,10.958288192749023,60770,0.9,0.1,5.0,1.0,10,20.0,0.5,linear-drop,linear-drop,linear-growth,42,15.0,10,10,20.0,,square,False,
5c5e40e30d218287ebb3ebfe520cdab7,0.08559433869460174,3.6681103706359863,15000,0.5,0.05,2.0,1.0,10,2.0,1.0,linear-drop,linear-drop,linear-growth,42,15.0,10,10,10.0,,square,False,
308d38118c36cabc779be76702189bce,0.086831527470717,6.9305384159088135,64490,0.5,0.2,5.0,1.0,10,50.0,0.5,exp-drop,linear-drop,linear-growth,42,15.0,10,10,10.0,,square,False,
edfa914e1c3f12da4a63e60be81067f3,0.08419890496669873,8.916940927505493,68630,0.8,0.05,5.0,1.0,10,100.0,0.5,exp-drop,linear-drop,exp-growth,42,10.0,10,10,20.0,,square,False,
02dd5daa6e510bee937c1efa9dc50dea,0.10160458219326209,15.379805564880371,105100,0.8,0.2,5.0,1.0,10,100.0,0.1,linear-drop,exp-drop,exp-growth,42,5.0,10,10,20.0,,square,False,
73a71833a2ab5f4e78f34f27450c6def,0.09613202558571438,7.253242254257202,40530,0.6,0.05,2.0,1.0,10,10.0,0.5,linear-drop,exp-drop,linear-growth,42,10.0,10,10,20.0,,square,False,
c920398c83d2380e5a3d196cec6d6382,0.09562123033616697,0.43898963928222656,1500,0.4,0.3,1.0,1.0,10,2.0,0.5,linear-drop,linear-drop,linear-growth,42,25.0,10,10,1.0,,square,False,
f825f2b830f5a49eaaddf720396787cf,0.0891899497181571,0.4489631652832031,2030,0.5,0.3,1.0,1.0,10,10.0,0.5,linear-drop,exp-drop,linear-growth,42,25.0,10,10,1.0,,square,False,
0827dce8c8df391a4c21f90a003fa8f1,0.09270191677117207,0.48043203353881836,2060,0.5,0.05,1.0,1.0,10,10.0,1.0,linear-drop,exp-drop,linear-growth,42,15.0,10,10,1.0,,square,False,
2420d680f0d640f19f7c21fa7a3483f3,0.08507195662991775,0.9232966899871826,12140,0.4,0.3,1.0,1.0,10,100.0,1.0,linear-drop,exp-drop,linear-growth,42,25.0,10,10,1.0,,square,False,
1e576df9832b662529d75decce2d42ed,0.0867779338080643,1.0705230236053467,6470,0.8,0.05,10.0,1.0,10,50.0,0.5,exp-drop,linear-drop,linear-growth,42,15.0,10,10,1.0,,square,False,
e1b9f8410dc1befaf6b5478d7e0d55f1,0.08566877424895428,2.322489023208618,7500,0.4,0.2,1.0,1.0,10,1.0,0.5,linear-drop,exp-drop,exp-growth,42,15.0,10,10,5.0,,square,False,
165fb0569684a6775bb969feb2197e7c,0.08778943213781783,2.3502907752990723,8330,0.6,0.3,1.0,1.0,10,50.0,0.5,exp-drop,exp-drop,exp-growth,42,50.0,10,10,5.0,,square,False,
d82eadfac2753931318c6d24c02a58df,0.09550397957698133,2.4173667430877686,7620,0.3,0.3,2.0,1.0,10,10.0,0.1,linear-drop,exp-drop,exp-growth,42,25.0,10,10,5.0,,square,False,
bd341c99107f3226ed76fc5ff48f93c5,0.08672017471536658,2.2397100925445557,7720,0.9,0.2,1.0,1.0,10,20.0,0.1,exp-drop,linear-drop,exp-growth,42,50.0,10,10,5.0,,square,False,
f83bc11ca121b8f8edc2a9de0371dc7a,0.0895667781504239,2.3295159339904785,7500,0.8,0.1,1.0,1.0,10,5.0,0.1,exp-drop,linear-drop,linear-growth,42,50.0,10,10,5.0,,square,False,
8cc8a032748ddd5ee3cc26b6add086da,0.08378339014912041,3.1051201820373535,26240,0.3,0.1,1.0,1.0,10,100.0,0.1,linear-drop,exp-drop,exp-growth,42,5.0,10,10,5.0,,square,False,
7a811e294f4b5172bcd9f54e111d19dd,0.0940060434669061,0.5279324054718018,2030,0.6,0.3,5.0,1.0,10,10.0,0.5,linear-drop,linear-drop,linear-growth,42,15.0,10,10,1.0,,square,False,
175e98b82b3f0344800f33c693db8a9f,0.08587557996268944,3.262281656265259,13830,0.7,0.1,10.0,1.0,10,100.0,0.2,exp-drop,linear-drop,exp-growth,42,15.0,10,10,5.0,,square,False,
f60df2dcbf62fc4e3d33c11e0ae4c1b2,0.0890057299391174,0.465106725692749,1810,0.4,0.1,2.0,1.0,10,100.0,0.2,exp-drop,linear-drop,exp-growth,42,50.0,10,10,1.0,,square,False,
c3a028eae4d737923a9d3a2bf533bc2b,0.08983287955373809,4.567066669464111,15000,0.8,0.05,2.0,1.0,10,1.0,1.0,exp-drop,linear-drop,exp-growth,42,10.0,10,10,10.0,,square,False,
b9f559b8d70dd6a7aa55a216fa178a0d,0.08312197631665251,4.57512092590332,15000,0.6,0.1,1.0,1.0,10,1.0,0.5,linear-drop,linear-drop,exp-growth,42,15.0,10,10,10.0,,square,False,
cdd5f64bf64a3543f15a61cb4e8617f8,0.08539190444380287,2.3001554012298584,7950,0.5,0.3,1.0,1.0,10,20.0,0.2,linear-drop,exp-drop,exp-growth,42,25.0,10,10,5.0,,square,False,
b87896d98fa5d6b4d5b3db724d8ef451,0.08810516320736324,4.989900827407837,15450,0.3,0.1,5.0,1.0,10,20.0,0.1,linear-drop,linear-drop,exp-growth,42,50.0,10,10,10.0,,square,False,
cbd2bb4d205fe4dc6ebb60265c702a79,0.08814657501350132,4.762927770614624,16650,0.5,0.05,2.0,1.0,10,50.0,0.2,exp-drop,exp-drop,exp-growth,42,50.0,10,10,10.0,,square,False,
ae3442f2dedc0752165321246928c39c,0.12770123071751488,2.669682741165161,7500,0.4,0.2,5.0,1.0,10,2.0,1.0,exp-drop,exp-drop,linear-growth,42,15.0,10,10,5.0,,square,False,
5c5e40e30d218287ebb3ebfe520cdab7,0.08559433869460174,4.533487796783447,15000,0.5,0.05,2.0,1.0,10,2.0,1.0,linear-drop,linear-drop,linear-growth,42,15.0,10,10,10.0,,square,False,
559f08bbe9e2da1ce74b4a1c2b0a5832,0.09106361345180844,4.707285165786743,16500,0.5,0.1,2.0,1.0,10,20.0,0.1,exp-drop,exp-drop,exp-growth,42,15.0,10,10,10.0,,square,False,
f7ffa2c837b44ead5bf51b91bc3cf5aa,0.08629307936992622,3.996373414993286,32250,0.8,0.1,5.0,1.0,10,50.0,0.5,exp-drop,linear-drop,linear-growth,42,15.0,10,10,5.0,,square,False,
72310af3906c1eea99917270c8f18889,0.09406112856816039,2.4852724075317383,7500,0.8,0.1,5.0,1.0,10,1.0,0.5,exp-drop,linear-drop,exp-growth,42,15.0,10,10,5.0,,square,False,
f7af5cc713b93b247e52495ffa65cf5a,0.08661576792468902,4.750065088272095,15000,0.4,0.05,2.0,1.0,10,2.0,0.2,exp-drop,linear-drop,exp-growth,42,50.0,10,10,10.0,,square,False,
e85dcd1e75086071224a57beffe4d267,0.0909383524047923,0.438446044921875,1500,0.4,0.2,2.0,1.0,10,2.0,0.2,exp-drop,linear-drop,exp-growth,42,15.0,10,10,1.0,,square,False,
8620a85c62c5fc16d99503043e6bfa96,0.09066656792253128,0.5356240272521973,3030,0.8,0.05,2.0,1.0,10,20.0,0.5,exp-drop,linear-drop,linear-growth,42,50.0,10,10,1.0,,square,False,
193b3494e23328baa09c2e93b39f2412,0.08262119195136453,4.972539186477661,15240,0.3,0.05,5.0,1.0,10,10.0,0.1,exp-drop,linear-drop,exp-growth,42,25.0,10,10,10.0,,square,False,
d98f7eb95283ca5b84f8f904b57a41b6,0.08238498930607162,3.2292144298553467,26240,0.5,0.1,1.0,1.0,10,100.0,0.1,linear-drop,exp-drop,exp-growth,42,5.0,10,10,5.0,,square,False,
3ab4d84f7d06e8c9660c4999e232147e,0.0881048812986241,2.336923837661743,7500,0.9,0.1,1.0,1.0,10,5.0,0.1,exp-drop,linear-drop,linear-growth,42,50.0,10,10,5.0,,square,False,
a9efa4dae7971cd3577328b8beeaa832,0.09881384732463164,0.4731724262237549,1500,0.4,0.2,1.0,1.0,10,1.0,0.5,linear-drop,exp-drop,exp-growth,42,15.0,10,10,1.0,,square,False,
ddc4fac3a17cdd0a03a81171efa1fbe5,0.08312197631665251,4.593503475189209,15690,0.6,0.1,1.0,1.0,10,10.0,1.0,linear-drop,linear-drop,exp-growth,42,10.0,10,10,10.0,,square,False,
30f52192bc52ea11dd080edc4c759ac5,0.09098425775818718,4.608914136886597,15000,0.8,0.2,2.0,1.0,10,2.0,1.0,exp-drop,linear-drop,linear-growth,42,15.0,10,10,10.0,,square,False,
308d38118c36cabc779be76702189bce,0.086831527470717,7.68403434753418,64490,0.5,0.2,5.0,1.0,10,50.0,0.5,exp-drop,linear-drop,linear-growth,42,15.0,10,10,10.0,,square,False,
3a965f31a274c9b0fc80fe7eeff5a4fc,0.08778943213781783,2.2214152812957764,9350,0.6,0.3,1.0,1.0,10,100.0,0.1,exp-drop,exp-drop,exp-growth,42,50.0,10,10,5.0,,square,False,
77d05e2f3a2c740d2048ece37d0a83bb,0.086299688854513,4.391875267028809,15000,0.6,0.1,2.0,1.0,10,2.0,0.5,linear-drop,linear-drop,exp-growth,42,15.0,10,10,10.0,,square,False,
09e8c3fef53490ed746cd8c1e44351dc,0.08297232413899162,6.7021894454956055,64490,0.8,0.05,2.0,1.0,10,50.0,0.5,exp-drop,linear-drop,linear-growth,42,15.0,10,10,10.0,,square,False,
caf263fa6a919c1fab177b6a18e6fe09,0.08312197631665251,4.257670164108276,15000,0.6,0.1,1.0,1.0,10,1.0,1.0,linear-drop,linear-drop,exp-growth,42,50.0,10,10,10.0,,square,False,
a9397ed7c195a9ebe219c18b392d7cdb,0.08331277270437365,4.2806549072265625,15450,0.3,0.1,1.0,1.0,10,20.0,0.1,linear-drop,linear-drop,exp-growth,42,50.0,10,10,10.0,,square,False,
e9d35a95ea9c454cce76d8af71f3eb2a,0.09429188242861382,2.1069295406341553,7720,0.5,0.2,2.0,1.0,10,20.0,0.2,exp-drop,exp-drop,exp-growth,42,50.0,10,10,5.0,,square,False,
4c52b696c8d4a07c150c1b5a8b9372eb,0.0916880710961824,0.4037652015686035,1500,0.5,0.3,1.0,1.0,10,1.0,0.5,exp-drop,linear-drop,exp-growth,42,15.0,10,10,1.0,,square,False,
b1073b191f17f183849cf7b0bf8faf12,0.08364072453079502,4.2812180519104,16650,0.5,0.05,2.0,1.0,10,50.0,0.2,exp-drop,linear-drop,exp-growth,42,50.0,10,10,10.0,,square,False,
cb142ac45d20f6f1d9c203b760dd0ea1,0.08908816947203041,4.143059968948364,15000,0.8,0.1,2.0,1.0,10,1.0,1.0,exp-drop,linear-drop,linear-growth,42,10.0,10,10,10.0,,square,False,
7d0e701c815e98152282563fd43e6f65,0.0883203405386165,4.035199880599976,15000,0.8,0.3,2.0,1.0,10,1.0,1.0,exp-drop,linear-drop,linear-growth,42,15.0,10,10,10.0,,square,False,
ca4c9ecc9e4ab64342605e465e9fd9ff,0.0872984195464741,1.8605165481567383,7950,0.9,0.3,1.0,1.0,10,20.0,0.1,linear-drop,linear-drop,exp-growth,42,25.0,10,10,5.0,,square,False,
63b009f2137f8a4833cc7df367b2d96b,0.10062706866422008,5.290971755981445,22590,0.3,0.1,5.0,1.0,10,100.0,0.1,exp-drop,exp-drop,exp-growth,42,25.0,10,10,10.0,,square,False,
cb15f465cfdb0e31d53e446a7f9a5ab8,0.09171763503584507,3.7746641635894775,16500,0.3,0.1,2.0,1.0,10,20.0,0.1,linear-drop,exp-drop,exp-growth,42,15.0,10,10,10.0,,square,False,
7ec51dbb2b71432702c9bc6ef0b80770,0.08467906994666452,3.5234882831573486,15000,0.5,0.1,2.0,1.0,10,2.0,0.1,exp-drop,linear-drop,linear-growth,42,15.0,10,10,10.0,,square,False,
b14e20808e762d20f5004ac4a61e4fec,0.08299502602373383,7.274106979370117,121050,0.4,0.3,1.0,1.0,10,100.0,1.0,linear-drop,exp-drop,linear-growth,42,25.0,10,10,10.0,,square,False,
1d7a4c6bb5c253ab83959a4136da40ef,0.08029149850471863,6.927807569503784,120530,0.6,0.1,1.0,1.0,10,100.0,0.5,linear-drop,linear-drop,linear-growth,42,15.0,10,10,10.0,,square,False,
f60df2dcbf62fc4e3d33c11e0ae4c1b2,0.0890057299391174,0.45868444442749023,1810,0.4,0.1,2.0,1.0,10,100.0,0.2,exp-drop,linear-drop,exp-growth,42,50.0,10,10,1.0,,square,False,
0827dce8c8df391a4c21f90a003fa8f1,0.09270191677117207,0.484968900680542,2060,0.5,0.05,1.0,1.0,10,10.0,1.0,linear-drop,exp-drop,linear-growth,42,15.0,10,10,1.0,,square,False,
e85dcd1e75086071224a57beffe4d267,0.0909383524047923,0.4900174140930176,1500,0.4,0.2,2.0,1.0,10,2.0,0.2,exp-drop,linear-drop,exp-growth,42,15.0,10,10,1.0,,square,False,
2420d680f0d640f19f7c21fa7a3483f3,0.08507195662991775,0.8983311653137207,12140,0.4,0.3,1.0,1.0,10,100.0,1.0,linear-drop,exp-drop,linear-growth,42,25.0,10,10,1.0,,square,False,
f825f2b830f5a49eaaddf720396787cf,0.0891899497181571,0.44100141525268555,2030,0.5,0.3,1.0,1.0,10,10.0,0.5,linear-drop,exp-drop,linear-growth,42,25.0,10,10,1.0,,square,False,
1e576df9832b662529d75decce2d42ed,0.0867779338080643,1.1007814407348633,6470,0.8,0.05,10.0,1.0,10,50.0,0.5,exp-drop,linear-drop,linear-growth,42,15.0,10,10,1.0,,square,False,
e1b9f8410dc1befaf6b5478d7e0d55f1,0.08566877424895428,2.156996488571167,7500,0.4,0.2,1.0,1.0,10,1.0,0.5,linear-drop,exp-drop,exp-growth,42,15.0,10,10,5.0,,square,False,
bd341c99107f3226ed76fc5ff48f93c5,0.08672017471536658,2.2901461124420166,7720,0.9,0.2,1.0,1.0,10,20.0,0.1,exp-drop,linear-drop,exp-growth,42,50.0,10,10,5.0,,square,False,
ca4c9ecc9e4ab64342605e465e9fd9ff,0.0872984195464741,2.326050043106079,7950,0.9,0.3,1.0,1.0,10,20.0,0.1,linear-drop,linear-drop,exp-growth,42,25.0,10,10,5.0,,square,False,
fbcc280db1fa20841d9473c97146c744,0.13011491948894058,0.6771008968353271,2060,0.6,0.3,5.0,1.0,10,10.0,1.0,linear-drop,exp-drop,linear-growth,42,15.0,10,10,1.0,,square,False,
8620a85c62c5fc16d99503043e6bfa96,0.09066656792253128,0.6049084663391113,3030,0.8,0.05,2.0,1.0,10,20.0,0.5,exp-drop,linear-drop,linear-growth,42,50.0,10,10,1.0,,square,False,
165fb0569684a6775bb969feb2197e7c,0.08778943213781783,2.3773419857025146,8330,0.6,0.3,1.0,1.0,10,50.0,0.5,exp-drop,exp-drop,exp-growth,42,50.0,10,10,5.0,,square,False,
4c52b696c8d4a07c150c1b5a8b9372eb,0.0916880710961824,0.59092116355896,1500,0.5,0.3,1.0,1.0,10,1.0,0.5,exp-drop,linear-drop,exp-growth,42,15.0,10,10,1.0,,square,False,
945e3ad27ca92ce679e05f3515bcccff,0.09828577055536443,0.5957162380218506,1500,0.9,0.3,5.0,1.0,10,5.0,0.5,exp-drop,linear-drop,linear-growth,42,15.0,10,10,1.0,,square,False,
175e98b82b3f0344800f33c693db8a9f,0.08587557996268944,3.3075509071350098,13830,0.7,0.1,10.0,1.0,10,100.0,0.2,exp-drop,linear-drop,exp-growth,42,15.0,10,10,5.0,,square,False,
d98f7eb95283ca5b84f8f904b57a41b6,0.08238498930607162,3.3690414428710938,26240,0.5,0.1,1.0,1.0,10,100.0,0.1,linear-drop,exp-drop,exp-growth,42,5.0,10,10,5.0,,square,False,
8dfe4f1b1f60ae23478c25a7d9491951,0.0860832087321968,0.7106313705444336,6470,0.8,0.05,1.0,1.0,10,50.0,0.5,exp-drop,exp-drop,linear-growth,42,50.0,10,10,1.0,,square,False,
95faeb98e8e912161c96ecc89b62a56f,0.08412648136973701,0.9948451519012451,12000,0.5,0.3,1.0,1.0,10,100.0,0.5,linear-drop,exp-drop,linear-growth,42,15.0,10,10,1.0,,square,False,
8cc8a032748ddd5ee3cc26b6add086da,0.08378339014912041,3.374032497406006,26240,0.3,0.1,1.0,1.0,10,100.0,0.1,linear-drop,exp-drop,exp-growth,42,5.0,10,10,5.0,,square,False,
7b6050928a9f52216d92063a47bb71b3,0.09270191677117207,0.4813418388366699,2060,0.5,0.05,1.0,1.0,10,10.0,1.0,linear-drop,exp-drop,linear-growth,42,10.0,10,10,1.0,,square,False,
3d531f1afbf392603bef39250e4684c1,0.09054143921492964,0.4549224376678467,1500,0.4,0.1,2.0,1.0,10,2.0,0.2,exp-drop,linear-drop,exp-growth,42,15.0,10,10,1.0,,square,False,
7ec51dbb2b71432702c9bc6ef0b80770,0.08467906994666452,4.648809194564819,15000,0.5,0.1,2.0,1.0,10,2.0,0.1,exp-drop,linear-drop,linear-growth,42,15.0,10,10,10.0,,square,False,
a9397ed7c195a9ebe219c18b392d7cdb,0.08331277270437365,4.71488881111145,15450,0.3,0.1,1.0,1.0,10,20.0,0.1,linear-drop,linear-drop,exp-growth,42,50.0,10,10,10.0,,square,False,
3a965f31a274c9b0fc80fe7eeff5a4fc,0.08778943213781783,2.600799560546875,9350,0.6,0.3,1.0,1.0,10,100.0,0.1,exp-drop,exp-drop,exp-growth,42,50.0,10,10,5.0,,square,False,
b1073b191f17f183849cf7b0bf8faf12,0.08364072453079502,4.9714601039886475,16650,0.5,0.05,2.0,1.0,10,50.0,0.2,exp-drop,linear-drop,exp-growth,42,50.0,10,10,10.0,,square,False,
7a811e294f4b5172bcd9f54e111d19dd,0.0940060434669061,0.5399384498596191,2030,0.6,0.3,5.0,1.0,10,10.0,0.5,linear-drop,linear-drop,linear-growth,42,15.0,10,10,1.0,,square,False,
ddc4fac3a17cdd0a03a81171efa1fbe5,0.08312197631665251,4.702898263931274,15690,0.6,0.1,1.0,1.0,10,10.0,1.0,linear-drop,linear-drop,exp-growth,42,10.0,10,10,10.0,,square,False,
cdd5f64bf64a3543f15a61cb4e8617f8,0.08539190444380287,2.30220103263855,7950,0.5,0.3,1.0,1.0,10,20.0,0.2,linear-drop,exp-drop,exp-growth,42,25.0,10,10,5.0,,square,False,
da10ef50b2bb306f4d164dc485f48c80,0.08543738203711228,2.4984331130981445,11310,0.5,0.3,1.0,1.0,10,100.0,0.5,linear-drop,exp-drop,exp-growth,42,25.0,10,10,5.0,,square,False,
4c65cc5954b572e286075e661e755aae,0.08540281200769863,2.247818946838379,7500,0.5,0.3,1.0,1.0,10,1.0,0.5,exp-drop,exp-drop,exp-growth,42,15.0,10,10,5.0,,square,False,
4adc5da94b79a0e7dade1810f71daa64,0.09563995003511146,0.5125949382781982,1820,0.6,0.1,5.0,1.0,10,100.0,0.5,linear-drop,linear-drop,exp-growth,42,50.0,10,10,1.0,,square,False,
4ea593800ad26a2a49de6d68394c795f,0.09097223442241961,2.3473286628723145,8310,0.3,0.1,2.0,1.0,10,50.0,0.2,exp-drop,exp-drop,exp-growth,42,50.0,10,10,5.0,,square,False,
6f7db2621dbe2095cdfc1e79ac74d6cf,0.14275116842297408,3.636157512664795,7500,0.8,0.3,10.0,1.0,10,1.0,0.5,exp-drop,exp-drop,linear-growth,42,15.0,10,10,5.0,,square,False,
b0b912b14373e2e71809e20ea3d4295b,0.09010629380665454,0.4546945095062256,2010,0.5,0.1,1.0,1.0,10,10.0,0.1,exp-drop,linear-drop,linear-growth,42,50.0,10,10,1.0,,square,False,
e87548f080d272b7589d19064c0883c0,0.09299425163336439,0.4635457992553711,1500,0.5,0.2,1.0,1.0,10,1.0,1.0,linear-drop,exp-drop,linear-growth,42,15.0,10,10,1.0,,square,False,
3ab4d84f7d06e8c9660c4999e232147e,0.0881048812986241,2.253248691558838,7500,0.9,0.1,1.0,1.0,10,5.0,0.1,exp-drop,linear-drop,linear-growth,42,50.0,10,10,5.0,,square,False,
d65a06cb81f40e8aee5cba0099f010e5,0.08771259997220222,2.254061460494995,7500,0.4,0.05,1.0,1.0,10,2.0,0.2,exp-drop,linear-drop,exp-growth,42,15.0,10,10,5.0,,square,False,
ede8edd95b251e8fad15a5b33af9f0d6,0.09172131238491336,2.245483160018921,9350,0.3,0.3,2.0,1.0,10,100.0,0.1,linear-drop,exp-drop,exp-growth,42,50.0,10,10,5.0,,square,False,
0f3053e556e9f1cd752c34d7baa437ba,0.0944942391699547,0.4403984546661377,2060,0.6,0.1,1.0,1.0,10,10.0,1.0,linear-drop,linear-drop,linear-growth,42,15.0,10,10,1.0,,square,False,
d961cd97ca22f848a9612afd29c20ba8,0.08634829391768001,2.185704469680786,8720,0.6,0.3,1.0,1.0,10,20.0,1.0,linear-drop,linear-drop,exp-growth,42,10.0,10,10,5.0,,square,False,
3a2df8de1c59ca7f793724f88956402f,0.09278468367936962,0.39325380325317383,2030,0.3,0.3,1.0,1.0,10,10.0,0.5,linear-drop,linear-drop,linear-growth,42,15.0,10,10,1.0,,square,False,
caf263fa6a919c1fab177b6a18e6fe09,0.08312197631665251,4.602630376815796,15000,0.6,0.1,1.0,1.0,10,1.0,1.0,linear-drop,linear-drop,exp-growth,42,50.0,10,10,10.0,,square,False,
bc651fa6ea98b6663a2fabf8308b9676,0.08041180268899728,4.116343259811401,60270,0.4,0.2,1.0,1.0,10,100.0,0.5,linear-drop,linear-drop,linear-growth,42,25.0,10,10,5.0,,square,False,
4519f74a96a085a9881dc7350bcb75de,0.08811375558490663,1.947403907775879,7720,0.8,0.3,1.0,1.0,10,20.0,0.1,linear-drop,linear-drop,exp-growth,42,50.0,10,10,5.0,,square,False,
7bba04241f2d4c40caaa5e82972853d4,0.08594062337193839,1.9185090065002441,7500,0.9,0.1,1.0,1.0,10,5.0,0.1,linear-drop,linear-drop,exp-growth,42,25.0,10,10,5.0,,square,False,
b9f559b8d70dd6a7aa55a216fa178a0d,0.08312197631665251,4.011070489883423,15000,0.6,0.1,1.0,1.0,10,1.0,0.5,linear-drop,linear-drop,exp-growth,42,15.0,10,10,10.0,,square,False,
51fbea2763c174de98a5bc01de9a3050,0.08810200071901608,1.7430541515350342,7720,0.9,0.1,2.0,1.0,10,20.0,0.1,exp-drop,linear-drop,exp-growth,42,50.0,10,10,5.0,,square,False,
14009555966abe7c9e7bbc03b6c7a01e,0.08565217305868827,3.574397087097168,15270,0.5,0.3,1.0,1.0,10,10.0,1.0,linear-drop,linear-drop,exp-growth,42,25.0,10,10,10.0,,square,False,
9bcd4977d7ee6b3e12b77660f1b01e90,0.09180825105166905,4.459450721740723,30150,0.5,0.3,2.0,1.0,10,20.0,0.2,linear-drop,exp-drop,linear-growth,42,25.0,10,10,10.0,,square,False,
9016f9463ff26994603a2a1348f0ff0e,0.08361010476713586,1.9348132610321045,13970,0.5,0.1,1.0,1.0,10,100.0,1.0,linear-drop,exp-drop,exp-growth,42,15.0,10,10,5.0,,square,False,
e85dcd1e75086071224a57beffe4d267,0.0909383524047923,0.4297444820404053,1500,0.4,0.2,2.0,1.0,10,2.0,0.2,exp-drop,linear-drop,exp-growth,42,15.0,10,10,1.0,,square,False,
3d531f1afbf392603bef39250e4684c1,0.09054143921492964,0.4322519302368164,1500,0.4,0.1,2.0,1.0,10,2.0,0.2,exp-drop,linear-drop,exp-growth,42,15.0,10,10,1.0,,square,False,
0827dce8c8df391a4c21f90a003fa8f1,0.09270191677117207,0.46273231506347656,2060,0.5,0.05,1.0,1.0,10,10.0,1.0,linear-drop,exp-drop,linear-growth,42,15.0,10,10,1.0,,square,False,
0f3053e556e9f1cd752c34d7baa437ba,0.0944942391699547,0.464108943939209,2060,0.6,0.1,1.0,1.0,10,10.0,1.0,linear-drop,linear-drop,linear-growth,42,15.0,10,10,1.0,,square,False,
4adc5da94b79a0e7dade1810f71daa64,0.09563995003511146,0.4790923595428467,1820,0.6,0.1,5.0,1.0,10,100.0,0.5,linear-drop,linear-drop,exp-growth,42,50.0,10,10,1.0,,square,False,
4c52b696c8d4a07c150c1b5a8b9372eb,0.0916880710961824,0.48497629165649414,1500,0.5,0.3,1.0,1.0,10,1.0,0.5,exp-drop,linear-drop,exp-growth,42,15.0,10,10,1.0,,square,False,
f825f2b830f5a49eaaddf720396787cf,0.0891899497181571,0.4922499656677246,2030,0.5,0.3,1.0,1.0,10,10.0,0.5,linear-drop,exp-drop,linear-growth,42,25.0,10,10,1.0,,square,False,
7a811e294f4b5172bcd9f54e111d19dd,0.0940060434669061,0.5216062068939209,2030,0.6,0.3,5.0,1.0,10,10.0,0.5,linear-drop,linear-drop,linear-growth,42,15.0,10,10,1.0,,square,False,
8620a85c62c5fc16d99503043e6bfa96,0.09066656792253128,0.4628725051879883,3030,0.8,0.05,2.0,1.0,10,20.0,0.5,exp-drop,linear-drop,linear-growth,42,50.0,10,10,1.0,,square,False,
e87548f080d272b7589d19064c0883c0,0.09299425163336439,0.43930983543395996,1500,0.5,0.2,1.0,1.0,10,1.0,1.0,linear-drop,exp-drop,linear-growth,42,15.0,10,10,1.0,,square,False,
2420d680f0d640f19f7c21fa7a3483f3,0.08507195662991775,0.9185836315155029,12140,0.4,0.3,1.0,1.0,10,100.0,1.0,linear-drop,exp-drop,linear-growth,42,25.0,10,10,1.0,,square,False,
7b6050928a9f52216d92063a47bb71b3,0.09270191677117207,0.5081007480621338,2060,0.5,0.05,1.0,1.0,10,10.0,1.0,linear-drop,exp-drop,linear-growth,42,10.0,10,10,1.0,,square,False,
b0b912b14373e2e71809e20ea3d4295b,0.09010629380665454,0.5184662342071533,2010,0.5,0.1,1.0,1.0,10,10.0,0.1,exp-drop,linear-drop,linear-growth,42,50.0,10,10,1.0,,square,False,
95faeb98e8e912161c96ecc89b62a56f,0.08412648136973701,1.05989670753479,12000,0.5,0.3,1.0,1.0,10,100.0,0.5,linear-drop,exp-drop,linear-growth,42,15.0,10,10,1.0,,square,False,
f60df2dcbf62fc4e3d33c11e0ae4c1b2,0.0890057299391174,0.47141098976135254,1810,0.4,0.1,2.0,1.0,10,100.0,0.2,exp-drop,linear-drop,exp-growth,42,50.0,10,10,1.0,,square,False,
1e576df9832b662529d75decce2d42ed,0.0867779338080643,1.2333595752716064,6470,0.8,0.05,10.0,1.0,10,50.0,0.5,exp-drop,linear-drop,linear-growth,42,15.0,10,10,1.0,,square,False,
be34aca4f4519171178aacd5381ef66e,0.08450245116025146,0.8152856826782227,6470,0.5,0.05,1.0,1.0,10,50.0,0.5,exp-drop,exp-drop,linear-growth,42,15.0,10,10,1.0,,square,False,
8dfe4f1b1f60ae23478c25a7d9491951,0.0860832087321968,0.8019616603851318,6470,0.8,0.05,1.0,1.0,10,50.0,0.5,exp-drop,exp-drop,linear-growth,42,50.0,10,10,1.0,,square,False,
a79885d2b808e57e045ef403442bd131,0.08532259073309201,0.9775669574737549,12140,0.5,0.3,1.0,1.0,10,100.0,1.0,linear-drop,exp-drop,linear-growth,42,15.0,10,10,1.0,,square,False,
f827fa8d238ca5bda5aa0f8a63ea21a6,0.09299425163336439,0.5166006088256836,1500,0.5,0.2,1.0,1.0,10,1.0,1.0,linear-drop,exp-drop,linear-growth,42,10.0,10,10,1.0,,square,False,
dfba6ca78076daa7f918802e4e22ded3,0.09881384732463164,0.4850008487701416,1540,0.4,0.2,1.0,1.0,10,10.0,0.5,linear-drop,exp-drop,exp-growth,42,15.0,10,10,1.0,,square,False,
51782d3ec96d39cc03ce2dba60c779b3,0.10142189466422104,0.5130369663238525,2060,0.3,0.05,1.0,1.0,10,10.0,1.0,linear-drop,exp-drop,linear-growth,42,15.0,10,10,1.0,,square,False,
51fbea2763c174de98a5bc01de9a3050,0.08810200071901608,2.4971976280212402,7720,0.9,0.1,2.0,1.0,10,20.0,0.1,exp-drop,linear-drop,exp-growth,42,50.0,10,10,5.0,,square,False,
8dc052830da9a1003872b792586b9563,0.0860832087321968,0.6755845546722412,6470,0.8,0.05,1.0,1.0,10,50.0,0.5,exp-drop,linear-drop,linear-growth,42,15.0,10,10,1.0,,square,False,
9016f9463ff26994603a2a1348f0ff0e,0.08361010476713586,2.6564340591430664,13970,0.5,0.1,1.0,1.0,10,100.0,1.0,linear-drop,exp-drop,exp-growth,42,15.0,10,10,5.0,,square,False,
cdd5f64bf64a3543f15a61cb4e8617f8,0.08539190444380287,2.3776051998138428,7950,0.5,0.3,1.0,1.0,10,20.0,0.2,linear-drop,exp-drop,exp-growth,42,25.0,10,10,5.0,,square,False,
e1b9f8410dc1befaf6b5478d7e0d55f1,0.08566877424895428,2.331876516342163,7500,0.4,0.2,1.0,1.0,10,1.0,0.5,linear-drop,exp-drop,exp-growth,42,15.0,10,10,5.0,,square,False,
7bba04241f2d4c40caaa5e82972853d4,0.08594062337193839,2.4072282314300537,7500,0.9,0.1,1.0,1.0,10,5.0,0.1,linear-drop,linear-drop,exp-growth,42,25.0,10,10,5.0,,square,False,
a29f8666c5cc38916aa2c7e77f68e9c1,0.09087374945577831,0.4821817874908447,1500,0.5,0.05,1.0,1.0,10,1.0,0.5,exp-drop,exp-drop,linear-growth,42,50.0,10,10,1.0,,square,False,
178c226e9a5e4a91137a65653fa27f67,0.08617967546953047,1.15492582321167,12000,0.6,0.3,5.0,1.0,10,100.0,0.5,linear-drop,linear-drop,linear-growth,42,50.0,10,10,1.0,,square,False,
2420d680f0d640f19f7c21fa7a3483f3,0.08507195662991775,0.8965003490447998,12140,0.4,0.3,1.0,1.0,10,100.0,1.0,linear-drop,exp-drop,linear-growth,42,25.0,10,10,1.0,,square,False,
3a2df8de1c59ca7f793724f88956402f,0.09278468367936962,0.4904661178588867,2030,0.3,0.3,1.0,1.0,10,10.0,0.5,linear-drop,linear-drop,linear-growth,42,15.0,10,10,1.0,,square,False,
d961cd97ca22f848a9612afd29c20ba8,0.08634829391768001,2.355034112930298,8720,0.6,0.3,1.0,1.0,10,20.0,1.0,linear-drop,linear-drop,exp-growth,42,10.0,10,10,5.0,,square,False,
a9efa4dae7971cd3577328b8beeaa832,0.09881384732463164,0.4495058059692383,1500,0.4,0.2,1.0,1.0,10,1.0,0.5,linear-drop,exp-drop,exp-growth,42,15.0,10,10,1.0,,square,False,
7a0a6513e10aae7da0c944caf97beb8b,0.09343624653362662,0.4684102535247803,2010,0.3,0.3,1.0,1.0,10,10.0,0.1,exp-drop,linear-drop,linear-growth,42,50.0,10,10,1.0,,square,False,
20f6f941d6a972739038f739b526e15f,0.09291776743307827,0.4852750301361084,2060,0.4,0.3,1.0,1.0,10,10.0,1.0,linear-drop,linear-drop,linear-growth,42,25.0,10,10,1.0,,square,False,
cd530ef81eb580018d70d9bbe00ddb40,0.09854514244544631,0.4471595287322998,2010,0.4,0.1,1.0,1.0,10,10.0,0.2,linear-drop,exp-drop,linear-growth,42,50.0,10,10,1.0,,square,False,
90b5729478ede4fc3cf1c4e904e57111,0.090938557948194,0.4263453483581543,1660,0.6,0.3,1.0,1.0,10,20.0,1.0,linear-drop,linear-drop,exp-growth,42,15.0,10,10,1.0,,square,False,
3a2df8de1c59ca7f793724f88956402f,0.09278468367936962,0.42522573471069336,2030,0.3,0.3,1.0,1.0,10,10.0,0.5,linear-drop,linear-drop,linear-growth,42,15.0,10,10,1.0,,square,False,
7ccd5ca2b0570c7e81ea44fba1b7afbb,0.08748364846185246,2.502223253250122,7500,0.6,0.1,1.0,1.0,10,5.0,0.1,linear-drop,linear-drop,exp-growth,42,10.0,10,10,5.0,,square,False,
b57b91e911f716f15e87a086ee8de22c,0.0898963422295946,0.4128141403198242,1580,0.5,0.2,1.0,1.0,10,20.0,0.5,exp-drop,exp-drop,exp-growth,42,25.0,10,10,1.0,,square,False,
5e8b6fe97a0e7c1d09cbe1f5a14b8424,0.09087374945577831,0.3813905715942383,1500,0.5,0.05,1.0,1.0,10,1.0,1.0,exp-drop,exp-drop,linear-growth,42,15.0,10,10,1.0,,square,False,
0221fad803d09021b1c2f24735ad099f,0.08356219832659588,0.7775735855102539,12000,0.6,0.1,1.0,1.0,10,100.0,0.5,linear-drop,exp-drop,linear-growth,42,50.0,10,10,1.0,,square,False,
18f16b8b2dfc45c252b91b84c16e1bf6,0.0864126735301307,2.1910512447357178,8310,0.8,0.05,1.0,1.0,10,50.0,0.1,exp-drop,linear-drop,exp-growth,42,50.0,10,10,5.0,,square,False,
4c65cc5954b572e286075e661e755aae,0.08540281200769863,2.053455352783203,7500,0.5,0.3,1.0,1.0,10,1.0,0.5,exp-drop,exp-drop,exp-growth,42,15.0,10,10,5.0,,square,False,
84e89084437a312a71ef1f30a6b3d08e,0.08537425228843382,1.817453145980835,8720,0.5,0.3,1.0,1.0,10,20.0,1.0,linear-drop,linear-drop,exp-growth,42,10.0,10,10,5.0,,square,False,
bcbdcd23a415d08bacf768b0230c0077,0.08507732151008907,2.7946043014526367,32250,0.8,0.05,1.0,1.0,10,50.0,0.5,exp-drop,linear-drop,linear-growth,42,50.0,10,10,5.0,,square,False,
6d748fa8108ec6a4f8cf226097580bf4,0.08966123584380692,1.7751245498657227,7500,0.5,0.3,2.0,1.0,10,1.0,0.5,exp-drop,linear-drop,exp-growth,42,50.0,10,10,5.0,,square,False,
57aa564db0777e9c88840e10c187eca1,0.0860832087321968,0.5051693916320801,6470,0.8,0.05,1.0,1.0,10,50.0,0.5,exp-drop,exp-drop,linear-growth,42,15.0,10,10,1.0,,square,False,
fddfdb2c0afaca968bc694892250ca3f,0.08463692129032636,3.9152865409851074,28020,0.5,0.1,1.0,1.0,10,100.0,1.0,linear-drop,exp-drop,exp-growth,42,15.0,10,10,10.0,,square,False,
b57b91e911f716f15e87a086ee8de22c,0.0898963422295946,0.4764378070831299,1580,0.5,0.2,1.0,1.0,10,20.0,0.5,exp-drop,exp-drop,exp-growth,42,25.0,10,10,1.0,,square,False,
b0b912b14373e2e71809e20ea3d4295b,0.09010629380665454,0.48558592796325684,2010,0.5,0.1,1.0,1.0,10,10.0,0.1,exp-drop,linear-drop,linear-growth,42,50.0,10,10,1.0,,square,False,
f60df2dcbf62fc4e3d33c11e0ae4c1b2,0.0890057299391174,0.49008631706237793,1810,0.4,0.1,2.0,1.0,10,100.0,0.2,exp-drop,linear-drop,exp-growth,42,50.0,10,10,1.0,,square,False,
8dfe4f1b1f60ae23478c25a7d9491951,0.0860832087321968,0.6406083106994629,6470,0.8,0.05,1.0,1.0,10,50.0,0.5,exp-drop,exp-drop,linear-growth,42,50.0,10,10,1.0,,square,False,
2420d680f0d640f19f7c21fa7a3483f3,0.08507195662991775,0.8346197605133057,12140,0.4,0.3,1.0,1.0,10,100.0,1.0,linear-drop,exp-drop,linear-growth,42,25.0,10,10,1.0,,square,False,
95faeb98e8e912161c96ecc89b62a56f,0.08412648136973701,0.8809335231781006,12000,0.5,0.3,1.0,1.0,10,100.0,0.5,linear-drop,exp-drop,linear-growth,42,15.0,10,10,1.0,,square,False,
a79885d2b808e57e045ef403442bd131,0.08532259073309201,0.9613697528839111,12140,0.5,0.3,1.0,1.0,10,100.0,1.0,linear-drop,exp-drop,linear-growth,42,15.0,10,10,1.0,,square,False,
0221fad803d09021b1c2f24735ad099f,0.08356219832659588,0.988091230392456,12000,0.6,0.1,1.0,1.0,10,100.0,0.5,linear-drop,exp-drop,linear-growth,42,50.0,10,10,1.0,,square,False,
f825f2b830f5a49eaaddf720396787cf,0.0891899497181571,0.5058703422546387,2030,0.5,0.3,1.0,1.0,10,10.0,0.5,linear-drop,exp-drop,linear-growth,42,25.0,10,10,1.0,,square,False,
1e576df9832b662529d75decce2d42ed,0.0867779338080643,1.0860950946807861,6470,0.8,0.05,10.0,1.0,10,50.0,0.5,exp-drop,linear-drop,linear-growth,42,15.0,10,10,1.0,,square,False,
3d531f1afbf392603bef39250e4684c1,0.09054143921492964,0.5036211013793945,1500,0.4,0.1,2.0,1.0,10,2.0,0.2,exp-drop,linear-drop,exp-growth,42,15.0,10,10,1.0,,square,False,
57aa564db0777e9c88840e10c187eca1,0.0860832087321968,0.6807289123535156,6470,0.8,0.05,1.0,1.0,10,50.0,0.5,exp-drop,exp-drop,linear-growth,42,15.0,10,10,1.0,,square,False,
8dc052830da9a1003872b792586b9563,0.0860832087321968,0.7238078117370605,6470,0.8,0.05,1.0,1.0,10,50.0,0.5,exp-drop,linear-drop,linear-growth,42,15.0,10,10,1.0,,square,False,
be34aca4f4519171178aacd5381ef66e,0.08450245116025146,0.7105426788330078,6470,0.5,0.05,1.0,1.0,10,50.0,0.5,exp-drop,exp-drop,linear-growth,42,15.0,10,10,1.0,,square,False,
178c226e9a5e4a91137a65653fa27f67,0.08617967546953047,1.1933960914611816,12000,0.6,0.3,5.0,1.0,10,100.0,0.5,linear-drop,linear-drop,linear-growth,42,50.0,10,10,1.0,,square,False,
2420d680f0d640f19f7c21fa7a3483f3,0.08507195662991775,1.0442783832550049,12140,0.4,0.3,1.0,1.0,10,100.0,1.0,linear-drop,exp-drop,linear-growth,42,25.0,10,10,1.0,,square,False,
7bba04241f2d4c40caaa5e82972853d4,0.08594062337193839,2.224489212036133,7500,0.9,0.1,1.0,1.0,10,5.0,0.1,linear-drop,linear-drop,exp-growth,42,25.0,10,10,5.0,,square,False,
8dc052830da9a1003872b792586b9563,0.0860832087321968,0.6460049152374268,6470,0.8,0.05,1.0,1.0,10,50.0,0.5,exp-drop,linear-drop,linear-growth,42,15.0,10,10,1.0,,square,False,
efa80a44d3d23a4019848e664de1ecf2,0.08556498933249901,0.5508549213409424,2010,0.5,0.3,1.0,1.0,10,10.0,0.1,exp-drop,exp-drop,linear-growth,42,50.0,10,10,1.0,,square,False,
8838b6086c66036bef7fc3b76c42b0cd,0.08450245116025146,0.7539763450622559,6470,0.5,0.05,1.0,1.0,10,50.0,0.5,exp-drop,exp-drop,linear-growth,42,50.0,10,10,1.0,,square,False,
cdd5f64bf64a3543f15a61cb4e8617f8,0.08539190444380287,2.47676682472229,7950,0.5,0.3,1.0,1.0,10,20.0,0.2,linear-drop,exp-drop,exp-growth,42,25.0,10,10,5.0,,square,False,
d2eba28f0e2e55a8fff7a0bb9c5adecf,0.08420087888487264,1.006462574005127,12000,0.5,0.2,1.0,1.0,10,100.0,0.5,linear-drop,exp-drop,linear-growth,42,15.0,10,10,1.0,,square,False,
84e89084437a312a71ef1f30a6b3d08e,0.08537425228843382,2.528717517852783,8720,0.5,0.3,1.0,1.0,10,20.0,1.0,linear-drop,linear-drop,exp-growth,42,10.0,10,10,5.0,,square,False,
b5b45c80c3030d61b3ea9176525375f4,0.08532259073309201,0.9047484397888184,12140,0.5,0.3,1.0,1.0,10,100.0,1.0,linear-drop,exp-drop,linear-growth,42,25.0,10,10,1.0,,square,False,
d961cd97ca22f848a9612afd29c20ba8,0.08634829391768001,2.3511714935302734,8720,0.6,0.3,1.0,1.0,10,20.0,1.0,linear-drop,linear-drop,exp-growth,42,10.0,10,10,5.0,,square,False,
cb0343ec0eb0376a8f72381c08305acf,0.0848060317899021,0.6415903568267822,6500,0.5,0.1,1.0,1.0,10,50.0,1.0,linear-drop,exp-drop,linear-growth,42,50.0,10,10,1.0,,square,False,
20efa2a74a24497ee52a6827e998fced,0.0860832087321968,0.7542104721069336,6470,0.8,0.05,1.0,1.0,10,50.0,0.5,exp-drop,linear-drop,linear-growth,42,25.0,10,10,1.0,,square,False,
f825f2b830f5a49eaaddf720396787cf,0.0891899497181571,0.5312075614929199,2030,0.5,0.3,1.0,1.0,10,10.0,0.5,linear-drop,exp-drop,linear-growth,42,25.0,10,10,1.0,,square,False,
4c65cc5954b572e286075e661e755aae,0.08540281200769863,2.446357488632202,7500,0.5,0.3,1.0,1.0,10,1.0,0.5,exp-drop,exp-drop,exp-growth,42,15.0,10,10,5.0,,square,False,
bcbdcd23a415d08bacf768b0230c0077,0.08507732151008907,3.3613178730010986,32250,0.8,0.05,1.0,1.0,10,50.0,0.5,exp-drop,linear-drop,linear-growth,42,50.0,10,10,5.0,,square,False,
1b4bb6b972148462ce8253ac7ecfb6b6,0.08809316375029454,0.5388739109039307,3030,0.5,0.05,1.0,1.0,10,20.0,0.5,exp-drop,exp-drop,linear-growth,42,25.0,10,10,1.0,,square,False,
9152ff7315044cbed63dca01f5bcc2b5,0.08388481378903843,0.9221477508544922,12000,0.6,0.05,1.0,1.0,10,100.0,0.5,linear-drop,exp-drop,linear-growth,42,15.0,10,10,1.0,,square,False,
bab9ea56bbca78db11d853d96d4a639f,0.09586410586990446,0.5585589408874512,2060,0.4,0.2,1.0,1.0,10,10.0,1.0,exp-drop,linear-drop,linear-growth,42,50.0,10,10,1.0,,square,False,
a0eaa157c470949bd7e453d2408d818f,0.09211276006498346,0.5089969635009766,1500,0.5,0.3,1.0,1.0,10,1.0,0.5,linear-drop,exp-drop,exp-growth,42,15.0,10,10,1.0,,square,False,
18f16b8b2dfc45c252b91b84c16e1bf6,0.0864126735301307,2.412815809249878,8310,0.8,0.05,1.0,1.0,10,50.0,0.1,exp-drop,linear-drop,exp-growth,42,50.0,10,10,5.0,,square,False,
081edca299aae437f7cb0131ce0c2a2b,0.08510100691463111,2.3321666717529297,7730,0.4,0.2,1.0,1.0,10,20.0,0.5,linear-drop,exp-drop,exp-growth,42,50.0,10,10,5.0,,square,False,
e1b9f8410dc1befaf6b5478d7e0d55f1,0.08566877424895428,2.3310489654541016,7500,0.4,0.2,1.0,1.0,10,1.0,0.5,linear-drop,exp-drop,exp-growth,42,15.0,10,10,5.0,,square,False,
d961cd97ca22f848a9612afd29c20ba8,0.08634829391768001,2.2845144271850586,8720,0.6,0.3,1.0,1.0,10,20.0,1.0,linear-drop,linear-drop,exp-growth,42,10.0,10,10,5.0,,square,False,
d095e02c0ca56b5eb4ab068fe0e55ef7,0.08747241052401877,0.9027864933013916,12140,0.4,0.3,2.0,1.0,10,100.0,1.0,exp-drop,linear-drop,linear-growth,42,25.0,10,10,1.0,,square,False,
9016f9463ff26994603a2a1348f0ff0e,0.08361010476713586,2.5708718299865723,13970,0.5,0.1,1.0,1.0,10,100.0,1.0,linear-drop,exp-drop,exp-growth,42,15.0,10,10,5.0,,square,False,
d6d076af15f12d5e13da10082ef1de33,0.08617531263566837,2.2669124603271484,9760,0.6,0.1,1.0,1.0,10,20.0,0.2,exp-drop,linear-drop,exp-growth,42,5.0,10,10,5.0,,square,False,
45c471b30aaaf074431633af65953149,0.09041924418784726,0.3642241954803467,2030,0.5,0.1,1.0,1.0,10,10.0,0.5,exp-drop,linear-drop,linear-growth,42,50.0,10,10,1.0,,square,False,
a3e1922cb09f3f446e96ac48c882b37a,0.08505538785898366,2.139235496520996,8670,0.5,0.3,1.0,1.0,10,20.0,0.5,linear-drop,linear-drop,exp-growth,42,10.0,10,10,5.0,,square,False,
22edd7d954cb7f9b84e7bd3777f7bfc3,0.08461905604501051,2.07463002204895,8270,0.5,0.2,1.0,1.0,10,20.0,0.5,linear-drop,linear-drop,exp-growth,42,15.0,10,10,5.0,,square,False,
0a09cb7ec4938dbc2e219436f6fa2df8,0.08671597759431217,0.6910750865936279,12000,0.7,0.1,1.0,1.0,10,100.0,0.1,exp-drop,exp-drop,linear-growth,42,50.0,10,10,1.0,,square,False,
96b66e98a65986905e316024009bfff8,0.08778943213781783,1.8807668685913086,7500,0.6,0.3,1.0,1.0,10,1.0,1.0,exp-drop,exp-drop,exp-growth,42,10.0,10,10,5.0,,square,False,
d0a888509595f6e71be1c31ff38f5f19,0.08540281200769863,1.7264342308044434,7500,0.5,0.3,1.0,1.0,10,2.0,1.0,exp-drop,linear-drop,exp-growth,42,15.0,10,10,5.0,,square,False,
18f16b8b2dfc45c252b91b84c16e1bf6,0.0864126735301307,1.7514612674713135,8310,0.8,0.05,1.0,1.0,10,50.0,0.1,exp-drop,linear-drop,exp-growth,42,50.0,10,10,5.0,,square,False,
f9790152a868caf4a8ee23d34be897db,0.13061288568927254,7.46730637550354,32250,0.4,0.05,10.0,1.0,10,50.0,0.5,exp-drop,exp-drop,linear-growth,42,15.0,10,10,5.0,,square,False,
ed5b5ab41f9049d364979d97b2d03c73,0.09423426080096794,1.2921240329742432,12000,0.5,0.05,10.0,1.0,10,100.0,0.5,linear-drop,linear-drop,linear-growth,42,50.0,10,10,1.0,,square,False,
